Case No,ad_id,terra_indigena,year,report_cat,other,victim_num,victim_indig,perp_indig,comment
1,5353,Marechal Rondon,2003,1,,1,1,3,
2,5136,Coata-Laranjal,2003,1,,1,1,3,
3,5262,Jumina,2003,1,,1,1,3,
4,5124,Caramuru/Paraguassu,2003,1,,1,1,1,
5,5614,Tremembé de Almofala,2003,1,,1,1,3,
6,5109,Caleira Velha,2003,1,,1,1,3,
7,.,Povo:Guajajara,2003,1,,1,1,3,
8,5583,Taquara,2003,1,,1,1,0,
9,5148,Dourados,2003,1,,1,1,3,
10,5241,Jaguapiré,2003,1,,1,1,1,
11,5148,Dourados,2003,1,,1,1,3,
12,5148,Dourados,2003,1,,1,1,3,
13,.,Sossoró,2003,1,,1,1,3,
14,5463,Pirakua,2003,1,,1,1,1,
15,5016,Amambai,2003,1,,1,1,3,
16,.,(Naviraí),2003,1,,1,1,0,
17,5148,Dourados,2003,1,,1,1,3,
18,5583,Taquara,2003,1,,1,1,1,
19,.,Aldeia Campestre,2003,1,,1,1,1,
20,.,(Senador José Porfírio),2003,1,,1,1,3,
21,.,Goianésia do pará,2003,1,,1,1,1,
22,.,Povo:Apiaká,2003,1,,1,1,1,
23,5619,Trocará,2003,1,,1,1,0,
24,.,Marcação,2003,1,,1,1,0,
25,5675,Xukuru,2003,1,,2,1,1,
26,5622,Truká,2003,1,,2,1,0,
27,5622,Truká,2003,1,,1,1,0,
28,5414,Palmas,2003,1,,1,1,0,
29,5208,Igarapé Lage,2003,1,,1,1,3,
30,.,Povo:Cacoal,2003,1,,1,1,3,
31,5491,Raposa Serra do Sol,2003,1,,1,1,0,
32,5574,Tabalascada,2003,1,,1,1,3,
33,.,Serra da Lua,2003,1,,1,1,3,
34,5194,Guarita,2003,1,,1,1,0,
35,5657,Votouro,2003,1,,1,1,0,
36,5654,Ventarra,2003,1,,1,1,0,
37,5399,Nonoai,2003,1,,1,1,0,
38,.,Ipuaçu,2003,1,,1,1,1,
39,.,Povo:Karajá,2003,1,,1,1,3,
40,.,Koiupanká,2004,1,,1,1,3,
41,.,(Manaus),2004,1,,1,1,1,
42,5364,Maxacali,2004,1,,3,1,1,
43,5364,Maxacali,2004,1,,1,1,1,
44,.,(Juína),2004,1,,1,1,1,
45,.,(Barra das Graças),2004,1,,1,1,0,
46,.,Povo:Rikbaktsa,2004,1,,1,1,3,
47,5148,Dourados,2004,1,,1,1,1,
48,5476,Porto Lindo,2004,1,,1,1,1,
49,5582,Taquaperi,2004,1,,1,1,3,
50,5148,Dourados,2004,1,,1,1,3,
51,5148,Dourados,2004,1,,1,1,1,
52,5148,Dourados,2004,1,,2,1,3,
53,5582,Taquaperi,2004,1,,1,1,1,
54,5393,Ñande Ru Marangatu,2004,1,,1,1,3,
55,5148,Dourados,2004,1,,1,1,3,
56,5148,Dourados,2004,1,,1,1,3,
57,.,Sossoró,2004,1,,1,1,3,
58,.,(Anastácio),2004,1,,1,1,0,
59,.,(Iguatemi),2004,1,,1,1,0,
60,5148,Dourados,2004,1,,2,1,1,
61,5148,Dourados,2004,1,,1,1,3,
62,5148,Dourados,2004,1,,1,1,3,
63,.,(Jacareacanga),2004,1,,1,1,3,
64,.,(Itaituba),2004,1,,1,1,3,
65,5338,Mãe Maria,2004,1,,1,1,0,
66,5487,Queimadas,2004,1,,1,1,3,
67,.,Povo:Guarani,2004,1,,1,1,3,
68,5529,Roosevelt,2004,1,,1,1,0,
69,5491,Raposa Serra do Sol,2004,1,,1,1,1,
70,.,Povo:Xerente,2004,1,,1,1,0,
71,5194,Guarita,2004,1,,1,1,3,
72,5657,Votouro,2004,1,,1,1,3,
73,5286,Katukina/Kaxinawá,2005,1,,1,1,0,
74,.,(Lábrea),2005,1,,1,1,3,
75,.,(Grajaú),2005,1,,1,1,1,
76,5060,Bacurizinho,2005,1,,1,1,0,
77,5148,(Dourados),2005,1,,1,1,0,
78,5148,(Dourados),2005,1,,1,1,3,
79,5417,Panambizinho,2005,1,,2,1,3,
80,5809,Yvy-Katu,2005,1,,1,1,3,
81,5809,Yvy-Katu,2005,1,,1,1,1,
82,5148,Dourados,2005,1,,1,1,3,
83,5148,Dourados,2005,1,,1,1,3,
84,5148,Dourados,2005,1,,1,1,3,
85,.,(Naviraí),2005,1,,1,1,1,
86,.,(Sete Quedas),2005,1,,1,1,0,
87,5016,Amambai,2005,1,,1,1,1,killed by brothers
88,5462,Pirajuí,2005,1,,1,1,1,killed by wife
89,5568,Sombrerito,2005,1,,1,1,0,
90,.,(Laguna Carapã),2005,1,,1,1,3,
91,5016,Amambai,2005,1,,1,1,3,
92,5148,Dourados,2005,1,,1,1,3,
93,5148,Dourados,2005,1,,1,1,3,
94,5016,Amambai,2005,1,,1,1,1,killed by own son
95,5148,Dourados,2005,1,,1,1,1,
96,5148,Dourados,2005,1,,1,1,1,internal conflict
97,5476,Porto Lindo,2005,1,,1,1,3,
98,5016,Amambai,2005,1,,1,1,3,
99,5016,Amambai,2005,1,,1,1,1,fight inside the village
100,5148,Dourados,2005,1,,1,1,3,
101,.,(Tacuru),2005,1,,1,1,1,
102,5476,Porto Lindo,2005,1,,1,1,3,
103,5476,Porto Lindo,2005,1,,1,1,1,
104,5393,Ñande Ru Marangatu,2005,1,,1,1,0,
105,5364,Maxacali,2005,1,,1,1,1,
106,5364,Maxacali,2005,1,,1,1,1,domestic argument
107,5364,Maxacali,2005,1,,2,1,1,
108,.,Povo:Atikum,2005,1,,1,1,3,
109,5622,Truká,2005,1,,2,1,3,
110,5675,Xukuru,2005,1,,1,1,3,
111,.,Rondônia,2005,1,,1,1,1,
112,5491,Raposa Serra do Sol,2005,1,,1,1,3,
113,.,(Jardão),2003,2,,3,1,1,
114,5124,Caramuru/Paraguassu,2003,2,,2,1,3,
115,5124,Caramuru/Paraguassu,2003,2,,9999,1,3,
116,5124,Caramuru/Paraguassu,2003,2,,1,1,1,
117,5583,Taquara,2003,2,,1,1,0,
118,5476,Porto Lindo,2003,2,,1,1,3,
119,.,Mbaraka'y,2003,2,,9999,1,3,
120,5674,Xipaya,2003,2,,7,1,0,
121,.,(Canaã dos Carajás),2003,2,,1,1,3,
122,5675,Xukuru,2003,2,,1,1,3,
123,5025,Aningal,2003,2,,1,1,3,
124,.,(Cant¿a),2003,2,,3,1,3,
125,.,(Uiramutã),2003,2,,1,1,3,
126,5306,Kraolandia,2003,2,,1,1,3,
127,.,Nawá,2004,2,,3,1,1,
128,.,(Tarauacá),2004,2,,4,1,3,several children were killed. Number unknown
129,.,Koiupanká,2004,2,,1,1,3,
130,.,(Manaus),2004,2,,1,1,1,
131,5350,Maraiwatsede,2004,2,,2,1,0,
132,.,(Japorã),2004,2,,1,1,0,
133,5148,Dourados,2004,2,,1,1,0,
134,5148,Dourados,2004,2,,1,1,3,
135,5148,Dourados,2004,2,,1,1,0,
136,5148,Dourados,2004,2,,1,1,1,
137,5148,Dourados,2004,2,,1,1,0,
138,5242,Jaguari,2004,2,,1,1,3,
139,5016,Amambai,2004,2,,1,1,3,
140,5336,Limão Verde,2004,2,,1,1,3,
141,5148,Dourados,2004,2,,1,1,3,
142,5016,Amambai,2004,2,,1,1,1,
143,.,(Tacuru),2004,2,,3,1,1,
144,5148,Dourados,2004,2,,1,1,3,
145,5148,Dourados,2004,2,,1,1,3,
146,5148,Dourados,2004,2,,1,1,3,
147,5336,Limão Verde,2004,2,,1,1,3,
148,.,(Coronel Sapucaia),2004,2,,1,1,1,
149,5148,Dourados,2004,2,,1,1,1,
150,5195,Guasuti,2004,2,,3,1,0,
151,5148,Dourados,2004,2,,1,1,3,
152,5148,Dourados,2004,2,,1,1,3,
153,5098,Caarapó,2004,2,,1,1,1,
154,5148,Dourados,2004,2,,1,1,3,
155,5148,Dourados,2004,2,,1,1,3,
156,5010,Alto Rio Guamá,2004,2,,1,1,0,
157,.,Povo:Munduruku,2004,2,,1,1,3,
158,.,Porto Velho,2004,2,,1,1,1,
159,5491,Raposa Serra do Sol,2004,2,,1,1,3,
160,5491,Raposa Serra do Sol,2004,2,,4,1,3,
161,5678,Yanomami,2004,2,,2,1,3,
162,5491,Raposa Serra do Sol,2004,2,,1,1,3,
163,5491,Raposa Serra do Sol,2004,2,,1,1,0,
164,.,La Kiãnõ,2004,2,,2,1,0,
165,5124,Caramuru/Paraguassu,2005,2,,1,1,0,
166,5124,Caramuru/Paraguassu,2005,2,,1,1,3,
167,5614,Tremembé de Almofala,2005,2,,1,1,3,
168,5060,Bacurizinho,2005,2,,1,1,0,
169,5148,Dourados,2005,2,,1,1,3,
170,5557,Sassoró,2005,2,,1,1,3,
171,5557,Sassoró,2005,2,,2,1,3,
172,5557,Sassoró,2005,2,,1,1,3,
173,5148,Dourados,2005,2,,1,1,3,
174,5016,Amambai,2005,2,,1,1,3,
175,5016,Amambai,2005,2,,1,1,1,
176,5016,Amambai,2005,2,,1,1,3,
177,5148,Dourados,2005,2,,1,1,3,
178,5148,Dourados,2005,2,,1,1,3,
179,5148,Dourados,2005,2,,1,1,3,
180,5148,Dourados,2005,2,,1,1,3,
181,5148,Dourados,2005,2,,1,1,3,
182,.,Jukeri e Tatarem,2005,2,,20,1,0,
183,5148,Dourados,2005,2,,1,1,3,
184,5148,Dourados,2005,2,,1,1,3,
185,.,Jarará e Sombrerito,2005,2,,5,1,0,
186,5016,Amambai,2005,2,,1,1,3,
187,5336,Limão Verde,2005,2,,1,1,3,
188,5148,Dourados,2005,2,,1,1,1,
189,5148,Dourados,2005,2,,1,1,3,
190,5148,Dourados,2005,2,,2,1,1,
191,5148,Dourados,2005,2,,1,1,1,
192,5148,Dourados,2005,2,,1,1,1,
193,5148,Dourados,2005,2,,1,1,1,
194,5148,Dourados,2005,2,,1,1,3,
195,5148,Dourados,2005,2,,1,1,1,
196,5674,Xipaya,2005,2,,1,1,3,
197,5118,Canauanim,2005,2,,1,1,3,
198,.,Povo:Xokleng,2005,2,,1,1,0,
199,.,(Brasilia),2003,3,,1,1,0,
200,.,Santa Tereza,2003,3,,1,1,3,
201,.,(Pontes e Lacerda),2003,3,,1,1,3,
202,5148,Dourados,2003,3,,1,1,3,
203,.,Gurairá-Porãl,2003,3,,1,1,3,
204,5148,Dourados,2003,3,,1,1,3,
205,.,(Nova Andradina),2003,3,,1,1,0,
206,.,(maracujú),2003,3,,1,1,3,
207,.,(Juti),2003,3,,1,1,3,
208,5623,Tubarão Latunde,2003,3,,1,1,3,
209,5378,Morro Alto,2003,3,,1,1,3,
210,5139,Coroa Vermelha,2004,3,,1,1,3,
211,5117,Cana Brava/Guajajara,2004,3,,1,1,3,
212,.,Rio Araguaia,2004,3,,1,1,3,
213,5476,Porto Lindo,2004,3,,1,1,3,
214,5253,Jarará,2004,3,,1,1,3,
215,5016,(Amambaí),2004,3,,1,1,3,
216,5148,Dourados,2004,3,,1,1,3,
217,5582,Taquaperi,2004,3,,1,1,3,
218,5476,Porto Lindo,2004,3,,1,1,3,
219,5098,Caarapó,2004,3,,1,1,3,
220,5582,Taquaperi,2004,3,,1,1,3,
221,.,Povo:Guarani-Kaiowá,2004,3,,1,1,3,
222,5491,Raposa Serra do Sol,2004,3,,1,1,0,
223,5548,São Marcos,2004,3,,1,1,3,
224,.,Kirkati,2005,3,,1,1,3,
225,5179,Governador,2005,3,,1,1,3,
226,5572,Sucuriy,2005,3,,1,1,3,
227,.,(Tacuru e Amambaí),2005,3,,1,1,3,
228,5336,Limão Verde,2005,3,,2,1,3,
229,5336,Limão Verde,2005,3,,1,1,3,
230,5336,Limão Verde,2005,3,,2,1,3,
231,5582,Taquaperi,2005,3,,1,1,3,
232,5582,Taquaperi,2005,3,,1,1,3,
233,.,(Baía da Traição),2005,3,,1,1,3,
234,5491,Raposa Serra do Sol,2005,3,,1,1,3,
235,5491,Raposa Serra do Sol,2005,3,,1,1,3,
236,5491,Raposa Serra do Sol,2005,3,,1,1,3,
237,.,Koiupanká,2003,4,,1,1,0,
238,5677,Xukuru-Kariri,2003,4,,1,1,0,
239,5011,Alto Rio Negro,2003,4,,2,1,0,
240,5798,Tupiniquim,2003,4,,1,1,0,
241,.,(Marabá),2003,4,,1,1,3,
242,5010,Alto Rio Guamá,2003,4,,1,1,3,
243,.,(Goianésia do Pará),2003,4,,1,1,0,
244,5675,Xukuru,2003,4,,9999,1,1,
245,5622,Truká,2003,4,,1,1,1,
246,5414,Palmas,2003,4,,1,1,1,
247,.,La Kiãnõ,2003,4,,9999,1,0,
248,.,(Tarauacá),2004,4,,1,1,0,2 adults and several children. Number unknown
249,.,(Joaquim Gomes),2004,4,,1,1,0,
250,.,Koiupanká,2004,4,,9999,1,3,
251,.,(Manaus),2004,4,,2,1,0,
252,5464,Pirineus de Souza,2004,4,,1,1,3,
253,5392,Nambikwara,2004,4,,4,1,3,
254,.,(Comodoro),2004,4,,3,1,1,
255,5148,Dourados,2004,4,,9999,1,0,
256,5479,Potiguara,2004,4,,1,1,0,
257,.,Aldeia Lage Novo,2004,4,,1,1,0,
258,.,(Espigão D'Oeste),2004,4,,1,1,0,
259,5382,Morro dos Cavalos,2004,4,,5,1,0,
260,.,(Dueré),2004,4,,1,1,0,
261,.,(Dueré),2004,4,,1,1,0,
262,.,Apolima-Arara,2005,4,,6,1,0,
263,.,Pataxó Hã-Hã-Hãe,2005,4,,1,1,0,
264,5060,Bacurizinho,2005,4,,11,1,0,
265,5060,Bacurizinho,2005,4,,1,1,0,
266,5148,Dourados,2005,4,,2,1,0,
267,5016,Amambai,2005,4,,1,1,1,exact number not known
268,5016,Amambai,2005,4,,1,1,0,
269,.,Jarará e Sombrerito,2005,4,,5,1,0,
270,5556,Sarauá,2005,4,,9999,1,0,
271,5486,Puruborá,2005,4,,3,1,0,
272,5491,Raposa Serra do Sol,2005,4,,1,1,0,
273,5491,Raposa Serra do Sol,2005,4,,1,1,3,
274,5491,Raposa Serra do Sol,2005,4,,9999,1,3,
275,.,Monte Pascoal,2003,5,,1,1,0,
276,5124,Caramuru/Paraguassu,2003,5,,1,1,0,exact number not known
277,5124,Caramuru/Paraguassu,2003,5,,1,1,0,exact number not known
278,.,(Espigão D'Oeste),2003,5,,1,1,0,
279,5479,Potiguara,2003,5,,1,1,0,
280,5491,Raposa Serra do Sol,2003,5,,1,1,0,
281,5382,Morro dos Cavalos,2003,5,,1,1,0,
282,.,Monte Pascoal,2004,5,,1,1,0,
283,5090,Borari de Alter do Chão,2004,5,,3,1,0,
284,.,Todas as terras,2004,5,,640,1,0,
285,.,(Jordão),2003,6,,3,1,0,
286,.,Nawá,2003,6,,1,1,0,
287,5011,Alto Rio Negro,2003,6,,2,1,0,
288,.,Pataxó Hã-Hã-Hãe,2003,6,,2,1,0,
289,.,Pataxó Hã-Hã-Hãe,2003,6,,1,1,3,
290,5364,Maxacali,2003,6,,1,1,0,
291,5583,Taquara,2003,6,,1,1,0,
292,.,(Japorã),2003,6,,1,1,3,
293,.,(Canaã dos Carajás),2003,6,,1,1,3,
294,5675,Xukuru,2003,6,,1,1,0,
295,5317,Kwazá do Rio São Pedro,2003,6,,1,1,0,
296,.,(Cantá),2003,6,,3,1,3,
297,.,(Uiramutã),2003,6,,2,1,3,
298,5306,Kraolandia,2003,6,,1,1,3,
299,.,Nawá,2004,6,,3,1,0,
300,.,(Tarauacá),2004,6,,3,1,0,several children. Number unknown
301,.,Koiupanká,2004,6,,1,1,3,
302,.,Povo:Sateré e Kokama,2004,6,,2,1,0,
303,.,(Manaus),2004,6,,1,1,1,
304,5630,Tupinambá de Belmonte,2004,6,,1,1,0,
305,.,(Prado),2004,6,,1,1,3,
306,5580,Tapeba,2004,6,,9999,1,0,
307,5350,Maraiwatsede,2004,6,,2,1,0,
308,.,(Japorã),2004,6,,1,1,0,
309,5148,Dourados,2004,6,,1,1,0,
310,5148,Dourados,2004,6,,1,1,3,
311,5476,Porto Lindo,2004,6,,1,1,0,
312,5148,Dourados,2004,6,,1,1,3,
313,5148,Dourados,2004,6,,1,1,3,
314,5016,Amambai,2004,6,,1,1,0,
315,5242,Jaguari,2004,6,,1,1,3,
316,5016,Amambai,2004,6,,1,1,3,
317,5336,Limão Verde,2004,6,,1,1,3,
318,5148,Dourados,2004,6,,1,1,3,
319,5016,Amambai,2004,6,,1,1,1,
320,.,(Tacuru),2004,6,,3,1,3,
321,5148,Dourados,2004,6,,1,1,1,
322,5148,Dourados,2004,6,,1,1,3,
323,5336,Limão Verde,2004,6,,1,1,3,
324,.,(Coronel Sapucaia),2004,6,,1,1,1,
325,5148,Dourados,2004,6,,1,1,1,
326,5336,Limão Verde,2004,6,,2,1,1,
327,5195,Guasuti,2004,6,,2,1,1,
328,5148,Dourados,2004,6,,1,1,3,
329,5148,Dourados,2004,6,,1,1,3,
330,5098,Caarapó,2004,6,,1,1,1,
331,5148,Dourados,2004,6,,1,1,1,
332,5148,Dourados,2004,6,,1,1,1,
333,5364,Maxacali,2004,6,,9999,1,3,
334,5010,Alto Rio Guamá,2004,6,,1,1,0,
335,.,Pimentel São Luís,2004,6,,1,1,1,
336,.,Povo:Munduruku,2004,6,,1,1,3,
337,.,Povo:Karitina,2004,6,,1,1,1,
338,.,(Guajará-Mirim),2004,6,,1,1,0,
339,5529,Roosevelt,2004,6,,1,1,0,
340,5491,Raposa Serra do Sol,2004,6,,1,1,3,
341,5491,Raposa Serra do Sol,2004,6,,3,1,1,
342,5491,Raposa Serra do Sol,2004,6,,4,1,0,
343,5678,Yanomami,2004,6,,2,1,1,
344,5491,Raposa Serra do Sol,2004,6,,1,1,3,
345,5491,Raposa Serra do Sol,2004,6,,1,1,0,
346,5382,Morro dos Cavalos,2004,6,,5,1,0,
347,.,La Kiãnõ,2004,6,,2,1,0,
348,5614,Tremembé de Almofala,2005,6,,1,1,3,
349,5060,Bacurizinho,2005,6,,3,1,0,
350,5364,Maxacali,2005,6,,1,1,0,
351,5298,Kaxixó,2005,6,,3,1,0,
352,5148,Dourados,2005,6,,1,1,3,
353,5557,Sassoró,2005,6,,1,1,3,
354,5557,Sassoró,2005,6,,1,1,3,
355,5148,Dourados,2005,6,,1,1,3,
356,5016,Amambai,2005,6,,1,1,3,
357,5016,Amambai,2005,6,,1,1,1,
358,5016,Amambai,2005,6,,1,1,3,
359,5148,Dourados,2005,6,,1,1,3,
360,5148,Dourados,2005,6,,1,1,3,
361,5148,Dourados,2005,6,,1,1,3,
362,5148,Dourados,2005,6,,1,1,3,
363,5148,Dourados,2005,6,,1,1,1,
364,5148,Dourados,2005,6,,1,1,1,
365,5336,Limão Verde,2005,6,,5,1,1,varios persons injured
366,.,Lima Campo,2005,6,,1,1,3,
367,5148,Dourados,2005,6,,1,1,3,
368,5148,Dourados,2005,6,,1,1,3,
369,.,(Laguna Carapã),2005,6,,1,1,0,
370,5148,Dourados,2005,6,,1,1,3,
371,5148,Dourados,2005,6,,1,1,3,
372,.,Jarará e Sombrerito,2005,6,,2,1,0,
373,5016,Amambai,2005,6,,1,1,3,
374,5016,Amambai,2005,6,,1,1,1,
375,5336,Limão Verde,2005,6,,1,1,3,
376,5230,Itaitinga,2005,6,,1,1,3,
377,5267,Kambiwá,2005,6,,14,1,0,
378,.,Povo:Xokleng,2005,6,,1,1,0,
379,5280,Karapotó,2003,8,,1,1,0,
380,5011,Alto Rio Negro,2003,8,,2,1,0,
381,5392,Nambikwara,2003,8,,1,1,0,varios persons
382,5148,Dourados,2003,8,,9999,1,0,
383,.,(Santarém),2003,8,,9999,1,0,
384,5194,Guarita,2003,8,,1,1,0,
385,.,Suruí,2003,8,,9999,1,0,
386,5086,(Boca do Acre),2004,8,,9999,1,0,
387,5280,Karapotó,2004,8,,2,1,0,
388,.,Povo:Kokama,2004,8,,1,1,0,
389,5634,Tuxá,2004,8,,3,1,0,
390,5580,Tapeba,2004,8,,9999,1,0,
391,5298,Kaxixó,2004,8,,9999,1,0,
392,5298,Kaxixó,2004,8,,3,1,0,
393,5298,Kaxixó,2004,8,,1,1,0,
394,5298,Kaxixó,2004,8,,1,1,0,
395,5364,Maxacali,2004,8,,15,1,0,
396,5392,Nambikwara,2004,8,,3,1,0,
397,5148,Dourados,2004,8,,9999,1,0,
398,5137,Cobra Grande,2004,8,,9999,1,0,
399,5529,Roosevelt,2004,8,,1,1,0,
400,5611,Toldo Imbu,2004,8,,9999,1,0,
401,.,Todas as terras,2004,8,,9999,1,0,
402,5382,Morro dos Cavalos,2004,8,,5,1,0,
403,5609,Toldo Chimbangue,2004,8,,9999,1,0,
404,.,Brasil: the entire country,2004,8,,9999,1,0,"article in newspaper, TV transmission…"
405,.,Brasil: the entire country,2004,8,,9999,1,0,"article in newspaper, TV transmission…"
406,.,Brasil: the entire country,2004,8,,9999,1,0,"article in newspaper, TV transmission…"
407,5286,Katukina/Kaxinawá,2005,8,,1,1,0,
408,5634,Tuxá,2005,8,,1,1,0,
409,5798,Tupiniquim,2005,8,,9999,1,0,
410,.,Todas as terras do Maranhão,2005,8,,9999,1,0,
411,.,Todos os indos do Mato Grosso do Sul,2005,8,,9999,1,0,
412,5336,Limão Verde,2005,8,,1,1,0,
413,.,Todos os indos de Roraima,2005,8,,9999,1,0,
414,5678,Yanomami,2005,8,,9999,1,0,
415,5609,Toldo Chimbangue,2005,8,,9999,1,0,
416,.,Brasil: the entire country,2005,8,,9999,1,0,
417,.,Koiupanká,2003,8,,1,1,0,
418,.,Koiupanká,2003,8,,1,1,0,
419,.,Koiupanká,2003,8,,1,1,0,
420,5626,Tumbalalá,2003,8,,1,1,0,
421,5666,Xacriabá,2003,8,,1,1,0,
422,.,(Guajará-Mirim),2003,8,,1,1,0,
423,.,"Various: Guajará-Mirim, Costa Marques, Porto Velho, São Fransisco do Guaporé e Seringueras",2003,8,,9999,1,0,
424,.,(Amajari e Alto Alegre),2003,8,,9999,1,0,
425,.,Koiupanká,2004,8,,1,1,0,
426,5626,Tumbalalá,2004,8,,2,1,0,
427,.,(Paulo Afonso),2004,8,,2,1,0,
428,5298,Kaxixó,2004,8,,9999,1,0,
429,.,(Japorã),2004,8,,9999,1,0,
430,.,(Alter do Chão),2004,8,,9999,1,0,
431,.,"Various: Guajará-Mirim, Costa Marques, Porto Velho, São Fransisco do Guaporé e Seringueras",2004,8,,9999,1,0,
432,.,(Guajará-Mirim),2004,8,,2,1,0,
433,.,Koiupanká,2005,8,,1,1,0,
434,.,Koiupanká,2005,8,,1,1,0,
435,5280,Karapotó,2005,8,,1,1,0,
436,.,Koiupanká,2005,8,,1,1,0,
437,.,Xikuru-Kariri,2005,8,,1,1,0,
438,5666,Xacriabá,2005,8,,1,1,0,
439,.,Todos os indos de Mato Grosso do Sul,2005,8,,9999,1,0,
440,.,Brasilia,2005,8,,42,1,0,
441,.,Povo:Apinayé e Krahô-Kanela,2005,8,,9999,1,0,
442,5435,Parque do Xingu,2003,9,,1,1,1,
443,5583,Taquara,2003,9,,1,1,0,
444,5241,Jaguapiré,2003,9,,1,1,3,
445,.,Pimentel São Luís,2003,9,,1,1,3,
446,5148,Dourados,2003,9,,1,1,3,
447,5565,Sete de Setembro,2003,9,,3,1,0,
448,5315,Kumaru do Lago Ualá,2003,9,,1,1,1,
449,5491,Raposa Serra do Sol,2003,9,,1,1,0,
450,5504,Rio Biá,2003,9,,1,1,3,
451,5239,Jacaré de São Domingos,2003,9,,9999,1,3,organised crime and prostitution
452,5024,Andirá-Marau,2004,9,,1,1,3,
453,.,Povo:Guajajara,2004,9,,1,1,3,
454,5148,Dourados,2004,9,,1,1,1,
455,5198,Guyraroká,2004,9,,1,1,3,
456,5148,Dourados,2004,9,,1,1,3,
457,5241,Jaquapiré,2004,9,,1,1,1,
458,5148,Dourados,2004,9,,1,1,1,
459,5484,Praia do Mangue,2004,9,,1,1,3,
460,.,Pimentel São Luís,2004,9,,1,1,0,
461,5386,Munduruku,2004,9,,1,1,1,
462,5386,Munduruku,2004,9,,1,1,3,
463,5266,Kaingang de Iraí,2004,9,,1,1,3,
464,5148,Dourados,2004,9,,1,1,3,
465,.,Povo:Guarani-Kaiowá,2004,9,,1,1,0,
466,.,Pakaa Nova,2004,9,,1,1,0,
467,5208,Igarapé Lage,2004,9,,1,1,3,
468,5582,Taquaperi,2004,9,,1,1,3,
469,.,Povo:Guarani-Kaiowá,2004,9,,2,1,3,
470,.,Povo:Kulina,2005,9,,1,1,3,
471,5060,Bacurizinho,2005,9,,1,1,0,
472,5476,Porto Lindo,2005,9,,1,1,1,
473,5098,Caarapó,2005,9,,1,1,1,
474,5557,Sassoró,2005,9,,1,1,3,
475,5098,Caarapó,2005,9,,1,1,1,
476,5148,Dourados,2005,9,,1,1,3,
477,5194,Guarita,2005,9,,1,1,1,
478,5148,Dourados,2005,9,,1,1,3,
479,.,Pakaa Nova,2005,9,,3,1,3,
480,.,Povo:Apurinã,2005,9,,1,1,0,
481,5148,Dourados,2005,9,,1,1,3,
482,.,Povo:Kaingang e Guarani Rio das Cobras,2005,9,,1,1,0,
483,.,Povo:Mura,2003,99,Inapropriate annexation: cash card,9999,1,0,
484,.,Guajará-Mirim,2003,99,Inapropriate annexation: cash card,9999,1,0,
485,5306,Kraolandia,2003 onwards,99,Inapropriate annexation: cash card,1,1,0,
486,5306,Kraolandia,2003 onwards,99,Inapropriate annexation: cash card,1,1,0,
487,5306,Kraolandia,2003 onwards,99,Inapropriate annexation: cash card,1,1,0,
488,5306,Kraolandia,2003 onwards,99,Inapropriate annexation: cash card,1,1,0,
489,5306,Kraolandia,2003 onwards,99,Inapropriate annexation: cash card,1,1,0,
490,5306,Kraolandia,2003 onwards,99,Inapropriate annexation: cash card,1,1,0,
491,5306,Kraolandia,2003 onwards,99,Inapropriate annexation: cash card,1,1,0,
492,5306,Kraolandia,2003 onwards,99,Inapropriate annexation: cash card,1,1,0,
493,5306,Kraolandia,2003 onwards,99,Inapropriate annexation: cash card,1,1,0,
494,5306,Kraolandia,2003 onwards,99,Inapropriate annexation: cash card,1,1,0,
495,5148,Dourados,2005,99,Inapropriate annexation: cash card,9999,1,0,
496,5148,Dourados,2005,99,Inapropriate annexation: cash card,9999,1,0,
497,.,Guajará-Mirim,2005,99,Inapropriate annexation: cash card,9999,1,0,
498,.,Arara do Alto Juruá,2006,1,,1,1,3,
499,5283,Kariri-Xocó,2006,1,,1,1,3,
500,5664,Wassu-Cocal,2006,1,,1,1,1,
501,.,Povo: Tikuna / Amatura,2006,1,,1,1,1,
502,5115,Camicua,2006,1,,1,1,1,
503,5115,Camicua,2006,1,,1,1,0,
504,5008,Aldeia Velha,2006,1,,1,1,0,
505,.,Povo: Pataxó / Porto Seguro,2006,1,,1,1,1,
506,.,Povo: Tupinambá / Ilhéus,2006,1,,1,1,0,
507,.,Povo: Tupinambá / Ilhéus,2006,1,,1,1,3,
508,.,Povo: Tupinambá / Ilhéus,2006,1,,1,1,0,
509,5466,Pitaguary,2006,1,,1,1,3,
510,5020,Anacé,2006,1,,1,1,1,
511,5020,Anacé,2006,1,,1,1,1,
512,5020,Anacé,2006,1,,1,1,3,
513,.,Povo: Guarani / Aracruz,2006,1,,1,1,1,
514,5048,Arariboia,2006,1,,1,1,3,
515,5364,Maxacali,2006,1,,1,1,1,
516,5364,Maxacali,2006,1,,1,1,1,
517,5364,Maxacali,2006,1,,1,1,1,
518,5364,Maxacali,2006,1,,1,1,1,
519,.,Japorã,2006,1,,1,1,3,
520,5476,Porto Lindo,2006,1,,1,1,3,
521,.,Bela Vista,2006,1,,1,1,3,
522,5132,Cerrito,2006,1,,2,1,3,
523,5336,Limão Verde,2006,1,,1,1,0,
524,5336,Limão Verde,2006,1,,1,1,3,
525,5016,Amambai,2006,1,,1,1,3,
526,5016,Amambai,2006,1,,1,1,3,
527,5016,Amambai,2006,1,,1,1,3,
528,5016,Amambai,2006,1,,1,1,3,
529,5016,Amambai,2006,1,,1,1,0,
530,5148,Dourados,2006,1,,1,1,0,
531,5148,Dourados,2006,1,,1,1,0,
532,5148,Dourados,2006,1,,1,1,0,
533,5148,Dourados,2006,1,,1,1,3,
534,.,Lima Campo,2006,1,,1,1,1,
535,5476,Porto Lindo,2006,1,,1,1,1,
536,5016,Amambai,2006,1,,1,1,3,
537,.,Povo: Guarani Kaiowá,2006,1,,1,1,1,
538,.,Campo Grande,2006,1,,1,1,3,
539,5336,Limão Verde,2006,1,,1,1,1,
540,5148,Dourados,2006,1,,1,1,3,
541,5148,Dourados,2006,1,,1,1,1,
542,5476,Porto Lindo,2006,1,,1,1,3,
543,5148,Dourados,2006,1,,1,1,3,
544,5148,Dourados,2006,1,,1,1,3,
545,5539,São Domingos - MT,2006,1,,1,1,0,
546,.,Povo:Bakairi / Paranatinga,2006,1,,1,1,0,
547,.,Povo: Munduruku,2006,1,,1,1,3,
548,.,Povo:Kaypó,2006,1,,1,1,1,
549,5675,Xukuru,2006,1,,1,1,1,
550,5288,Kaxarari,2006,1,,1,1,3,
551,.,Povo:Mequém / Alta Floresta dôeste,2006,1,,1,1,0,
552,.,Povo:Parintintin / Porto Velho,2006,1,,1,1,0,
553,5339,Malacacheta,2006,1,,1,1,3,
554,5011,Alto Rio Negro,2007,1,,1,1,3,
555,5225,Ipixuna,2007,1,,1,1,0,
556,5439,Pau Brasil,2007,1,,1,1,0,
557,.,Povo:Tupinambá / Ilhéus,2007,1,,1,1,3,
558,5580,Tapeba,2007,1,,1,1,0,
559,5138,Comboios,2007,1,,1,1,0,
560,5048,Arariboia,2007,1,,1,1,0,
561,5048,Arariboia,2007,1,,1,1,0,
562,5048,Arariboia,2007,1,,1,1,0,
563,.,Povo:Guajajara / Arame,2007,1,,1,1,3,
564,.,Povo:Guajajara / Arame,2007,1,,1,1,3,
565,.,Povo:Guajajara / Arame,2007,1,,1,1,0,
566,.,Povo:Guajajara / Grajaú,2007,1,,2,1,0,indios were part of a crimal organization and were killed by a PM in robbery attemt
567,5048,Arariboia,2007,1,,1,1,3,
568,.,Povo:Guajajara / Grajaú,2007,1,,1,1,3,
569,5666,Xacriabá,2007,1,,1,1,0,
570,5667,Xakriabá Rancharia,2007,1,,1,1,0,
571,5098,Caarapó,2007,1,,1,1,3,
572,5098,Caarapó,2007,1,,1,1,3,
573,5098,Caarapó,2007,1,,1,1,0,
574,.,Japorã,2007,1,,1,1,0,
575,5564,Sete Cerros,2007,1,,1,1,1,
576,5016,Amambai,2007,1,,1,1,3,
577,5582,Taquaperi,2007,1,,1,1,1,
578,5016,Amambai,2007,1,,1,1,1,
579,5336,Limão Verde,2007,1,,1,1,0,
580,5336,Limão Verde,2007,1,,1,1,3,
581,5336,Limão Verde,2007,1,,1,1,0,
582,5336,Limão Verde,2007,1,,1,1,3,
583,5016,Amambai,2007,1,,1,1,3,
584,5016,Amambai,2007,1,,1,1,1,
585,5016,Amambai,2007,1,,1,1,3,
586,5016,Amambai,2007,1,,1,1,1,
587,5016,Amambai,2007,1,,1,1,3,
588,5016,Amambai,2007,1,,1,1,3,
589,.,Kurusu Ambá,2007,1,,1,1,0,
590,5148,Dourados,2007,1,,1,1,1,
591,5148,Dourados,2007,1,,1,1,1,
592,5148,Dourados,2007,1,,1,1,3,
593,5148,Dourados,2007,1,,1,1,0,
594,5148,Dourados,2007,1,,1,1,3,
595,5148,Dourados,2007,1,,1,1,3,
596,5148,Dourados,2007,1,,1,1,1,
597,5148,Dourados,2007,1,,1,1,0,
598,5148,Dourados,2007,1,,1,1,0,
599,5148,Dourados,2007,1,,1,1,1,
600,5148,Dourados,2007,1,,1,1,3,
601,5195,Guasuti,2007,1,,1,1,3,
602,5476,Porto Lindo,2007,1,,1,1,3,
603,5148,Dourados,2007,1,,1,1,3,
604,.,Japorã,2007,1,,1,1,3,
605,5148,Dourados,2007,1,,1,1,1,
606,5148,Dourados,2007,1,,1,1,3,
607,5148,Dourados,2007,1,,1,1,1,
608,5148,Dourados,2007,1,,1,1,3,
609,5148,Dourados,2007,1,,1,1,3,
610,5148,Dourados,2007,1,,1,1,1,
611,5148,Dourados,2007,1,,1,1,3,
612,5148,Dourados,2007,1,,1,1,3,
613,5148,Dourados,2007,1,,1,1,3,
614,5016,Amambai,2007,1,,1,1,3,
615,5582,Taquaperi,2007,1,,1,1,1,
616,5148,Dourados,2007,1,,1,1,3,
617,.,Povo:Bororo / Poxoreo,2007,1,,1,1,0,
618,5675,Xukuru,2007,1,,1,1,0,
619,5675,Xukuru,2007,1,,1,1,3,
620,.,Povo:Kapinawá - Buique,2007,1,,1,1,3,
621,5675,Xukuru,2007,1,,1,1,3,
622,.,Povo:Kapinawá - Buique,2007,1,,1,1,1,
623,.,Povo:Kapinawá - Buique,2007,1,,1,1,0,
624,.,Povo:Kapinawá - Buique,2007,1,,1,1,1,
625,5509,Rio das Cobras,2007,1,,1,1,1,
626,5487,Queimadas,2007,1,,1,1,3,
627,.,Povo:Purubora - Guajará-Mirim,2007,1,,1,1,0,
628,.,Povo:Kampé - Guajará-Mirim,2007,1,,1,1,3,
629,5237,Jabuti,2007,1,,1,1,3,
630,5491,Raposa Serra do Sol,2007,1,,1,1,1,
631,.,Povo:Kaingang - Porto Alegre,2007,1,,1,1,1,
632,5202,Ibirama,2007,1,,1,1,3,
633,.,Povo:Karajá - São Paulo,2007,1,,1,1,0,
634,5306,Kraolandia,2007,1,,1,1,1,
635,5030,Apinayé,2007,1,,1,1,3,
636,5306,Kraolandia,2007,1,,1,1,3,
637,5306,Kraolandia,2007,1,,1,1,3,
638,.,Povo:Jaminawá - Rio Branco,2006,2,,1,1,1,
639,.,Japorã,2006,2,,5,1,1,
640,5568,Sombrerito,2006,2,,1,1,1,
641,5016,Amambai,2006,2,,1,1,3,
642,5148,Dourados,2006,2,,1,1,3,
643,5148,Dourados,2006,2,,1,1,1,
644,5148,Dourados,2006,2,,1,1,1,
645,5148,Dourados,2006,2,,1,1,1,
646,5582,Taquaperi,2006,2,,5,1,1,
647,5148,Dourados,2006,2,,1,1,3,
648,5148,Dourados,2006,2,,1,1,3,
649,5148,Dourados,2006,2,,1,1,3,
650,5148,Dourados,2006,2,,1,1,1,
651,5148,Dourados,2006,2,,1,1,1,
652,.,Povo:Terena - Aquidauana,2006,2,,1,1,3,
653,5148,Dourados,2006,2,,1,1,3,
654,5148,Dourados,2006,2,,1,1,1,
655,5148,Dourados,2006,2,,1,1,0,
656,.,Povo:Guarani Kiowá - Ponta Porã,2006,2,,1,1,3,
657,5539,São Domingos - MT,2006,2,,1,1,1,
658,.,Povo:Munduruku - Jacareacanga,2006,2,,1,1,1,
659,5288,Kaxarari,2006,2,,1,1,1,
660,5491,Raposa Serra do Sol,2006,2,,1,1,0,
661,5678,Yanomami,2006,2,,1,1,0,
662,.,Povo:Kaingang - Porto Alegre,2006,2,,1,1,0,
663,.,"Povo: Pataxó, Hã-Hã-Hãe, Truká",2007,2,,2,1,0,
664,5580,Tapeba,2007,2,,3,1,0,
665,5138,Comboios,2007,2,,1,1,1,
666,5048,Arariboia,2007,2,,2,1,0,
667,5048,Arariboia,2007,2,,2,1,0,
668,5048,Arariboia,2007,2,,1,1,0,
669,5016,Amambai,2007,2,,1,1,1,
670,5582,Taquaperi,2007,2,,1,1,0,
671,5016,Amambai,2007,2,,1,1,3,
672,5148,Dourados,2007,2,,1,1,1,
673,5016,Amambai,2007,2,,1,1,0,
674,5148,Dourados,2007,2,,1,1,3,
675,5148,Dourados,2007,2,,1,1,3,
676,5148,Dourados,2007,2,,1,1,1,
677,5148,Dourados,2007,2,,1,1,3,
678,5148,Dourados,2007,2,,1,1,3,
679,5148,Dourados,2007,2,,1,1,3,
680,5148,Dourados,2007,2,,1,1,1,
681,5148,Dourados,2007,2,,1,1,0,
682,5582,Taquaperi,2007,2,,4,1,0,
683,5148,Dourados,2007,2,,1,1,1,
684,5148,Dourados,2007,2,,4,1,3,
685,5148,Dourados,2007,2,,1,1,1,
686,5148,Dourados,2007,2,,1,1,1,
687,5148,Dourados,2007,2,,1,1,1,
688,5393,Ñande Ru Marangatu,2007,2,,9999,1,0,
689,5148,Dourados,2007,2,,1,1,3,
690,5098,Caarapó,2007,2,,1,1,1,
691,5148,Dourados,2007,2,,1,1,1,
692,5148,Dourados,2007,2,,2,1,1,
693,5148,Dourados,2007,2,,1,1,1,
694,5148,Dourados,2007,2,,1,1,1,
695,5148,Dourados,2007,2,,1,1,1,
696,5557,Sassoró,2007,2,,1,1,1,
697,5330,Lalima,2007,2,,1,1,1,
698,5016,Amambai,2007,2,,1,1,0,
699,5148,Dourados,2007,2,,1,1,0,
700,.,Povo:Borari - Santarém,2007,2,,1,1,0,
701,.,Povo:Anacé - Caucaia,2006,3,,1,1,0,
702,.,Povo:Anacé - Caucaia,2006,3,,1,1,0,
703,5352,Maranduba,2006,3,,1,1,0,
704,.,Povo:Guajajara - Alto Alegre do Maranhão,2006,3,,1,1,3,
705,.,Lima Campo,2006,3,,1,1,3,
706,.,Povo:Guarani Kaiowá - Sete quedas,2006,3,,1,1,3,
707,.,Povo:Guarani Kiowá - Ponta Porã,2006,3,,1,1,3,
708,5148,Dourados,2006,3,,1,1,0,
709,.,Pakaa Nova,2006,3,,6,1,3,
710,.,Pacaraima,2006,3,,2,1,0,
711,5335,Ligeiro,2006,3,,1,1,3,
712,5669,Xapecó,2006,3,,1,1,0,
713,5582,Taquaperi,2007,3,,1,1,0,
714,5148,Dourados,2007,3,,1,1,0,
715,5016,Amambai,2007,3,,1,1,0,
716,5148,Dourados,2007,3,,1,1,3,
717,5336,Limão Verde,2007,3,,1,1,0,
718,5393,Ñande Ru Marangatu,2007,3,,1,1,3,
719,5148,Dourados,2007,3,,1,1,3,
720,.,Povo:Kaingang - Farroupilha,2007,3,,1,1,0,
721,5209,Igarapé Lourdes,2006,4,,1,1,1,
722,.,"Povo: Pataxó, Hã-Hã-Hãe",2006,4,,2,1,0,
723,5393,Ñande Ru Marangatu,2006,4,,1,1,0,
724,5530,Sagarana,2006,4,,1,1,0,
725,5491,Raposa Serra do Sol,2006,4,,9999,1,0,
726,5491,Raposa Serra do Sol,2006,4,,1,1,3,
727,5491,Raposa Serra do Sol,2006,4,,9999,1,0,
728,5467,Pium,2006,4,,9999,1,3,
729,.,Povo:Maraguá - Nova Olinda do Norte,2007,4,,5,1,0,
730,5048,Arariboia,2007,4,,9999,1,0,
731,.,Povo:Borari - Santarém,2007,4,,1,1,3,
732,5163,Faxinal,2007,4,,1,1,0,
733,5565,Sete de Setembro,2007,4,,1,1,0,
734,5678,Yanomami,2007,4,,1,1,0,
735,5491,Raposa Serra do Sol,2007,4,,9999,1,0,
736,5491,Raposa Serra do Sol,2007,4,,9999,1,0,
737,.,Povo:Tremembé,2006,5,,9999,1,0,
738,.,Povo:Tupinikim,2006,5,,9999,1,0,company threatens
739,5364,Maxacali,2006,5,,3,1,0,
740,.,Laranjeiras do Sul,2006,5,,1,1,0,
741,.,"Povo: Karitina, Yanomami, Suruí",2006,5,,9999,1,0,Biopiracy
742,5491,Raposa Serra do Sol,2006,5,,9999,1,0,
743,5191,Guarani do Araça'i,2006,5,,9999,1,0,
744,.,Municipio: Rio Branco,2007,5,,2,1,3,
745,.,Povo:Wassu Cocal - Joaquim Gomes,2007,5,,1,1,0,
746,.,Pataxó Hã-Hã-Hãe,2007,5,,9999,1,0,
747,.,Povo:Tupinambá - Itapebi,2007,5,,9999,1,0,
748,5300,Kayapó,2007,5,,9999,1,0,
749,.,Povo:Borari - Santarém,2007,5,,9999,1,0,
750,5084,Boa Vista,2007,5,,1,1,0,
751,5681,Zoró,2007,5,,1,1,0,
752,5023,Anaro,2007,5,,9999,1,0,
753,.,Povo:Tupinambá - Itapebi,2006,6,,15,1,0,PM
754,5379,Morro Branco,2006,6,,1,1,0,
755,5148,Dourados,2006,6,,1,3,3,
756,.,Pakaa Nova,2006,6,,17,3,0,
757,5379,Morro Branco,2007,6,,1,1,0,
758,5148,Dourados,2007,6,,1,1,0,
759,.,Povo:Borari - Santarém,2007,6,,1,1,0,
760,5671,Xerente,2007,6,,1,1,1,
761,5109,Caieiras Velha,2006,7,,13,1,0,
762,5109,Caieiras Velha,2006,7,,15,1,0,
763,5148,Dourados,2006,7,,1,1,0,
764,5148,Dourados,2006,7,,1,1,0,
765,.,Pakaa Nova,2006,7,,1,1,0,
766,.,Povo:Aruá - Gujará-Mirim,2006,7,,9999,1,0,various people
767,.,Pakaa Nova,2006,7,,9999,1,0,
768,.,Povo:Makurap - Guajará Mirim,2006,7,,1,1,0,
769,5491,Raposa Serra do Sol,2006,7,,1,1,0,
770,5491,Raposa Serra do Sol,2006,7,,1,1,0,
771,5491,Raposa Serra do Sol,2006,7,,1,1,0,
772,5039,Araçá,2006,7,,90,1,0,
773,5582,Taquaperi,2007,7,,5,1,0,
774,5338,Mãe Maria,2007,7,,2,1,0,
775,.,"Povo:Baniwa, Manchineri, Manchineri",2006,8,,3,1,0,
776,5109,Caieiras Velha,2006,8,,9999,1,0,
777,5109,Caieiras Velha,2006,8,,9999,1,0,
778,5060,Bacurizinho,2006,8,,1,1,0,
779,5364,Maxacali,2006,8,,9999,1,0,
780,5364,Maxacali,2006,8,,9999,1,0,
781,5098,Caarapó,2006,8,,9999,1,0,
782,5509,Rio das Cobras,2006,8,,3,1,0,
783,.,Pakaa Nova,2006,8,,1,1,0,
784,.,Povo:Miqueleno - Guajará-Mirim,2006,8,,1,1,0,
785,5310,Krukutu,2006,8,,9999,1,0,
786,5432,Parque do Araguaia,2006,8,,1,1,0,
787,.,Povo:Maraguá - Humaita,2007,8,,9999,1,0,
788,5150,Enawenê-Nawê,2007,8,,9999,1,0,
789,5378,Morro Alto,2007,8,,1,1,0,
790,5382,Morro dos Cavalos,2007,8,,9999,1,0,
791,5382,Morro dos Cavalos,2007,8,,9999,1,0,
792,.,Povo:Guarani - Canelinha,2007,8,,5,1,0,
793,.,Guarani Yokã Porã,2007,8,,9999,1,0,
794,.,Povo:Guarani - Biguacu,2007,8,,9999,1,0,
795,.,Povo:Guarani - Tijucas,2007,8,,9999,1,0,
796,5001,Acimã,2006,9,,1,1,0,
797,5148,Dourados,2006,9,,1,1,1,
798,5148,Dourados,2006,9,,1,1,3,
799,5148,Dourados,2006,9,,1,1,3,
800,5148,Dourados,2006,9,,9999,1,3,prostitution of minors
801,5148,Dourados,2006,9,,1,1,1,
802,5098,Caarapó,2006,9,,1,1,1,
803,5148,Dourados,2006,9,,1,1,1,
804,5148,Dourados,2006,9,,1,1,3,
805,5417,Panambizinho,2006,9,,1,1,3,
806,5339,Malacacheta,2006,9,,1,1,1,
807,.,Povo:Xerente - Xerente,2006,9,,9999,1,3,prostitution
808,5148,Dourados,2007,9,,1,1,3,
809,5148,Dourados,2007,9,,1,1,1,
810,5393,Ñande Ru Marangatu,2007,9,,2,1,0,
811,5539,São Domingos - MT,2007,9,,1,1,1,
812,5300,Kayapó,2007,9,,1,1,1,
813,.,Municipio:Normandia,2007,9,,2,1,1,
814,.,Povo:Guarani Kaiowá - Porto Alegre,2007,9,,1,1,0,
815,5084,Boa Vista,2006,99,Inapropriate annexation: cash card,9999,1,0,
816,5335,Ligeiro,2006,99,Inapropriate annexation: cash card,9999,1,0,
817,.,Povo:Xavante - Barra do Gracas,2007,99,Inapropriate annexation: cash card,9999,1,0,
818,.,Povo:Xavante - Barra do Gracas,2007,99,Inapropriate annexation: cash card,9999,1,0,
819,5194,Guarita,2007,99,Inapropriate annexation: cash card,29,1,0,
820,5677,Xukuru-Kariri,2008,1,,1,1,1,
821,5664,Wassu-Cocal,2008,1,,1,1,0,
822,.,Desaldeados,2008,1,,1,1,1,
823,5282,Karipuna,2008,1,,1,1,0,
824,5133,Chão Preto,2008,1,,1,1,3,
825,5048,Arariboia,2008,1,,1,1,0,
826,5048,Arariboia,2008,1,,1,1,0,
827,5048,Arariboia,2008,1,,1,1,3,
828,5666,Xacriabá,2008,1,,1,1,3,
829,5364,Maxacali,2008,1,,1,1,1,
830,5666,Xacriabá,2008,1,,1,1,3,
831,5364,Maxacali,2008,1,,1,1,3,
832,5016,Amambai,2008,1,,1,1,1,
833,5336,Limão Verde,2008,1,,1,1,1,
834,5241,Jaguapiré,2008,1,,1,1,1,
835,5016,Amambai,2008,1,,1,1,1,
836,5809,Yvy-Katu,2008,1,,1,1,3,
837,.,Lima Campo,2008,1,,1,1,1,
838,5148,Dourados,2008,1,,1,1,1,
839,5148,Dourados,2008,1,,1,1,0,
840,5148,Dourados,2008,1,,1,1,3,
841,5016,Amambai,2008,1,,1,1,3,
842,5016,Amambai,2008,1,,1,1,3,
843,5016,Amambai,2008,1,,1,1,1,
844,5098,Caarapó,2008,1,,1,1,1,
845,5016,Amambai,2008,1,,1,1,1,
846,5476,Porto Lindo,2008,1,,1,1,3,
847,5253,Jarará,2008,1,,1,1,1,
848,5016,Amambai,2008,1,,1,1,3,
849,5148,Dourados,2008,1,,1,1,1,
850,5148,Dourados,2008,1,,1,3,3,
851,5016,Amambai,2008,1,,1,1,1,
852,5148,Dourados,2008,1,,1,1,0,
853,5016,Amambai,2008,1,,1,1,3,
854,5148,Dourados,2008,1,,1,1,1,
855,5016,Amambai,2008,1,,1,1,3,
856,5016,Amambai,2008,1,,1,1,0,
857,5016,Amambai,2008,1,,1,1,3,
858,.,Aldeia Campestre,2008,1,,1,1,1,
859,5564,Sete Cerros,2008,1,,1,1,1,
860,5582,Taquaperi,2008,1,,1,3,3,
861,5016,Amambai,2008,1,,1,3,1,
862,5098,Caarapó,2008,1,,1,1,1,
863,5148,Dourados,2008,1,,1,1,0,
864,5582,Taquaperi,2008,1,,1,1,0,
865,5336,Limão Verde,2008,1,,1,1,3,
866,5336,Limão Verde,2008,1,,1,1,1,
867,5148,Dourados,2008,1,,1,1,3,
868,5557,Sassoró,2008,1,,1,1,1,
869,5016,Amambai,2008,1,,1,1,3,
870,5256,Jatayvari,2008,1,,1,1,1,
871,5016,Amambai,2008,1,,1,1,1,
872,5148,Dourados,2008,1,,1,1,3,
873,5148,Dourados,2008,1,,1,1,1,
874,5386,Munduruku,2008,1,,1,1,1,
875,.,Povo: Truká - Cabrobo,2008,1,,1,1,3,
876,5421,Pankararu,2008,1,,1,1,3,
877,5491,Raposa Serra do Sol,2008,1,,1,1,1,
878,5432,Parque do Araguaia,2008,1,,1,1,1,
879,5276,Karajá de Aruanã I,2008,1,,1,1,1,
880,5677,Xukuru-Kariri,2008,2,,1,1,1,
881,.,Pataxó,2008,2,,9999,1,0,
882,5048,Arariboia,2008,2,,2,1,1,
883,5060,Bacurizinho,2008,2,,2,1,0,
884,5048,Arariboia,2008,2,,2,1,0,
885,5328,Lagoa Comprida,2008,2,,9999,1,0,
886,5048,Arariboia,2008,2,,1,1,0,
887,5666,Xacriabá,2008,2,,1,1,3,
888,5148,Dourados,2008,2,,1,1,1,
889,5148,Dourados,2008,2,,1,1,3,
890,5476,Porto Lindo,2008,2,,1,1,3,
891,5148,Dourados,2008,2,,1,1,3,
892,5148,Dourados,2008,2,,1,1,1,
893,5148,Dourados,2008,2,,1,1,1,
894,5148,Dourados,2008,2,,1,1,3,
895,5393,Ñande Ru Marangatu,2008,2,,9999,1,0,
896,5016,Amambai,2008,2,,1,1,3,
897,5148,Dourados,2008,2,,1,1,3,
898,5148,Dourados,2008,2,,1,1,3,
899,5148,Dourados,2008,2,,1,1,1,
900,.,Povo: Guarani Kaiowá - Navirai,2008,2,,3,1,0,
901,5148,Dourados,2008,2,,1,1,1,
902,5148,Dourados,2008,2,,1,1,3,
903,.,Municipio: Anambai,2008,2,,2,1,1,
904,5148,Dourados,2008,2,,9999,1,0,
905,5148,Dourados,2008,2,,9999,1,1,several men in a car
906,5648,Vale do Guaporé,2008,2,,1,1,0,
907,.,Povo: Guarani -Niteroi,2008,2,,1,1,0,
908,5491,Raposa Serra do Sol,2008,2,,10,1,0,
909,5768,Porquinhos dos Kanela Apãnjekra,2008,3,,1,1,3,
910,.,Povo: Guarani Kaiowá - Campo Grande,2008,3,,1,1,3,
911,5148,Dourados,2008,3,,1,1,3,
912,.,Povo: Guarani Kaiowá - Amambai,2008,3,,1,1,3,
913,5148,Dourados,2008,3,,1,1,3,
914,5344,Mangueirinha,2008,3,,1,1,1,
915,.,Povo: Kaingang - Canos,2008,3,,1,1,3,
916,.,Povo: Guarani - Garuva,2008,3,,1,1,3,
917,5312,Kulina do Rio Envira,2008,4,,1,1,0,
918,5048,Arariboia,2008,4,,6,1,0,
919,5648,Vale do Guaporé,2008,4,,2,1,0,
920,5150,Enawenê-Nawê,2008,4,,1,1,0,
921,5474,Portal do Encantado,2008,4,,9999,1,0,
922,5010,Alto Rio Guamá,2008,4,,9999,1,0,
923,.,Povo: Suruí - Suruí,2008,4,,1,1,3,
924,5530,Sagarana,2008,4,,1,1,0,
925,5491,Raposa Serra do Sol,2008,4,,2,1,0,
926,5437,Passo Grande do Rio Forquilha,2008,4,,1,1,0,
927,.,Povo: Kaingang - Lageado do Bugre,2008,4,,9999,1,0,
928,5030,Apinayé,2008,4,,1,1,0,
929,5358,Mata da Cafurna,2008,5,,9999,1,0,
930,5124,Caramuru/Paraguassu,2008,5,,1,1,0,
931,5124,Caramuru/Paraguassu,2008,5,,9999,1,0,
932,.,Varios coummunities in MT Povo:Paresi,2008,5,,9999,1,0,
933,5675,Xukuru,2008,5,,37,1,0,
934,5357,Massiambu,2008,5,,9999,1,0,
935,.,Povo: Xukuru-Kariri,2008,6,,1,1,3,
936,5048,Arariboia,2008,6,,1,1,3,
937,5453,Pilad Rebuá,2008,6,,8,1,0,
938,.,Povo: Karajá - Luciara,2008,6,,1,1,1,
939,5668,Xambioá,2008,6,,1,1,1,
940,5671,Xerente,2008,6,,1,1,1,
941,.,Varios communities in AM Povo: Tukano - Manaus,2008,7,,9999,1,0,
942,5747,Lami,2008,7,,3,1,0,
943,.,Desaldeados,2008,7,,1,1,0,
944,5631,Tupinambá de Olivença,2008,7,,2,1,0,
945,5631,Tupinambá de Olivença,2008,7,,9999,1,0,
946,5631,Tupinambá de Olivença,2008,7,,3,1,0,
947,5631,Tupinambá de Olivença,2008,7,,7,1,0,
948,5283,Kariri-Xocó,2008,7,,2,1,0,
949,5702,Carretão,2008,7,,1,1,0,
950,5150,Enawenê-Nawê,2008,7,,9999,1,0,men
951,5316,Kuruáya,2008,7,,9999,1,0,
952,5622,Truká,2008,7,,1,1,0,
953,5622,Truká,2008,7,,1,1,0,
954,5514,Rio Guaporé,2008,7,,1,1,0,
955,5773,Rio Cautário,2008,7,,2,1,0,
956,5491,Raposa Serra do Sol,2008,7,,7,1,0,
957,.,Pontal,2008,7,,1,1,0,
958,5666,Xacriabá,2008,7,,3,1,0,
959,5671,Xerente,2008,7,,1,1,0,
960,.,Municipio: Rio Branco,2008,8,,9999,1,0,varios isolated indios
961,.,Katokim,2008,8,,9999,1,0,
962,5075,Barra Velha,2008,8,,9999,1,0,
963,.,Brasil: all indians,2008,8,,9999,1,0,
964,.,Povo: Guarani Kaiowá - Laranjeira Nhanderu,2008,8,,9999,1,0,
965,5585,Taunay-Ipegue,2008,8,,9999,1,0,
966,.,Povo: Guarani - Kaiowá - Campo Grande,2008,8,,9999,1,0,
967,.,Povo: Terena - Campo Grande,2008,8,,1,1,0,
968,.,Município: Campo Grande,2008,8,,1,1,0,
969,.,Povo: Pataxó - Rio de Janeiro,2008,8,,3,1,0,
970,5505,Rio Branco,2008,8,,9999,1,0,
971,5491,Raposa Serra do Sol,2008,8,,1,1,0,
972,5491,Raposa Serra do Sol,2008,8,,9999,1,0,
973,5491,Raposa Serra do Sol,2008,8,,9999,1,0,
974,5381,Morro do Osso,2008,8,,9999,1,0,
975,.,Municipio: Palmas,2008,8,,9999,1,0,
976,5386,Munduruku,2008,9,,1,1,3,
977,5139,Coroa Vermelha,2008,9,,3,1,3,
978,5195,Guasuti,2008,9,,1,1,3,
979,5148,Dourados,2008,9,,1,1,1,
980,5016,Amambai,2008,9,,1,1,1,
981,5564,Sete Cerros,2008,9,,2,1,1,
982,5179,Governador,2008,99,Inapropriate annexation: cash card,1,1,0,
983,5530,Sagarana,2008,99,Inapropriate annexation: cash card,1,1,0,
984,5030,Apinayé,2008,99,Inapropriate annexation: cash card,1,1,0,
985,5086,Boca do Acre,2009,1,,1,1,0,
986,5248,Jaminawa do Igarapé Preto,2009,1,,1,1,3,
987,.,Povo: Pataxó - Eunápolis / terra: not known,2009,1,,1,1,0,
988,5139,Coroa Vermelha,2009,1,,1,1,3,
989,5439,Pau Brasil,2009,1,,1,1,0,
990,5139,Coroa Vermelha,2009,1,,1,1,1,
991,5139,Coroa Vermelha,2009,1,,1,1,3,
992,5139,Coroa Vermelha,2009,1,,1,1,3,
993,5139,Coroa Vermelha,2009,1,,1,1,3,
994,5768,Porquinhos dos Kanela Apãnjekra,2009,1,,1,1,3,
995,5379,Morro Branco,2009,1,,1,1,3,
996,5048,Arariboia,2009,1,,1,1,3,
997,5016,Amambai,2009,1,,1,1,0,
998,5016,Amambai,2009,1,,1,1,3,
999,5572,Sucuriy,2009,1,,1,1,1,
1000,5148,Dourados,2009,1,,1,1,0,
1001,.,Kurusu Amba,2009,1,,1,1,0,
1002,5336,Limão Verde,2009,1,,1,1,3,
1003,5476,Porto Lindo,2009,1,,1,1,3,
1004,5148,Dourados,2009,1,,1,1,1,
1005,5016,Amambai,2009,1,,1,1,0,
1006,5098,Caarapó,2009,1,,1,1,1,
1007,5148,Dourados,2009,1,,1,1,3,
1008,5148,Dourados,2009,1,,1,1,1,
1009,5462,Pirajuí,2009,1,,1,1,0,
1010,.,Japorã,2009,1,,1,1,3,
1011,5016,Amambai,2009,1,,1,1,3,
1012,5241,Jaguapiré,2009,1,,1,1,3,
1013,5016,Amambai,2009,1,,1,1,3,
1014,5148,Dourados,2009,1,,1,1,3,
1015,5241,Jaguapiré,2009,1,,1,1,3,
1016,5256,Jatayvari,2009,1,,1,1,1,
1017,5148,Dourados,2009,1,,1,1,3,
1018,5016,Amambai,2009,1,,1,1,3,
1019,5148,Dourados,2009,1,,1,1,3,
1020,5016,Amambai,2009,1,,1,1,3,
1021,5393,Ñande Ru Marangatu,2009,1,,1,1,3,
1022,5098,Caarapó,2009,1,,1,1,3,
1023,.,Povo: Guarani Kaiowá - Porot Murtinho,2009,1,,1,1,3,
1024,5462,Pirajuí,2009,1,,1,1,3,
1025,.,Desaldeados,2009,1,,1,1,0,
1026,5098,Caarapó,2009,1,,1,1,3,
1027,.,Kurusu Amba,2009,1,,1,1,3,
1028,.,Takuapiry,2009,1,,1,1,3,
1029,5098,Caarapó,2009,1,,1,1,3,
1030,5156,Estação Parecis,2009,1,,1,1,0,
1031,5084,Boa Vista,2009,1,,1,1,3,
1032,.,Povo: Kaingang - Maringá,2009,1,,1,1,1,
1033,5274,Kapinawá,2009,1,,1,1,1,
1034,5274,Kapinawá,2009,1,,1,1,1,
1035,.,Ororabá,2009,1,,1,1,1,
1036,5194,Guarita,2009,1,,1,1,1,
1037,5194,Guarita,2009,1,,1,1,3,
1038,5194,Guarita,2009,1,,1,1,1,
1039,5288,Kaxarari,2009,1,,1,1,3,
1040,5678,Yanomami,2009,1,,1,1,0,
1041,5202,Ibirama,2009,1,,1,1,1,
1042,5457,Pindoty,2009,1,,1,1,3,
1043,5047,Araribá,2009,1,,1,1,3,
1044,5432,Parque do Araguaia,2009,1,,1,1,3,
1045,5462,Pirajuí,2009,99,Person disapeared,1,1,3,
1046,5378,Morro Alto,2009,2,,1,1,3,
1047,.,Brasilandia,2009,2,,1,1,3,
1048,.,Aldeia Campestre,2009,2,,1,1,1,
1049,5148,Dourados,2009,2,,1,1,1,
1050,5148,Dourados,2009,2,,1,1,1,
1051,5148,Dourados,2009,2,,1,1,3,
1052,5016,Amambai,2009,2,,1,1,1,
1053,5148,Dourados,2009,2,,2,1,1,
1054,5098,Caarapó,2009,2,,1,1,3,
1055,5156,Estação Parecis,2009,2,,1,1,0,
1056,5252,Jaraguá,2009,2,,1,1,3,
1057,.,Ororobá,2009,2,,1,1,0,
1058,5678,Yanomami,2009,2,,1,1,0,
1059,5678,Yanomami,2009,2,,1,1,0,
1060,5701,Cambirela,2009,2,,1,1,0,
1061,5202,Ibirama,2009,2,,1,1,0,
1062,5139,Coroa Vermelha,2009,3,,1,1,0,
1063,5336,Limão Verde,2009,3,,1,1,3,
1064,.,Nova Alvorada do Sul,2009,3,,2,1,3,
1065,.,Ceroí,2009,3,,1,1,0,
1066,.,Povo: Guarani Kaiowá - Rio Brilhante,2009,3,,1,1,0,
1067,.,Cambuci,2009,3,,1,1,3,
1068,5344,Mangueirinha,2009,3,,1,1,3,
1069,5194,Guarita,2009,3,,1,1,3,
1070,5399,Nonoai,2009,3,,1,1,0,
1071,5437,Passo Grande do Rio Forquilha,2009,3,,1,1,0,
1072,5678,Yanomami,2009,3,,1,1,3,
1073,5701,Cambirela,2009,3,,1,1,3,
1074,5346,Mapari,2009,4,,9999,1,0,
1075,5128,Caru,2009,4,,1,1,0,
1076,5048,Arariboia,2009,4,,1,1,0,
1077,5255,Jarudore,2009,4,,1,1,0,
1078,.,Dourados Apyaka'i,2009,4,,9999,1,0,
1079,.,Apyaka'i,2009,4,,9999,1,0,
1080,5103,Cachoeirinha,2009,4,,9999,1,0,
1081,5751,Maró,2009,4,,1,1,0,
1082,5785,Tabajara,2009,4,,9999,1,0,
1083,5559,Serra da Moça,2009,4,,4,1,0,
1084,5559,Serra da Moça,2009,4,,5,1,0,
1085,5559,Serra da Moça,2009,4,,1,1,0,
1086,5701,Cambirela,2009,4,,3,1,0,
1087,.,Varios communities AM,2009,5,,9999,1,0,six families
1088,5179,Governador,2009,5,,9999,1,0,
1089,5666,Xacriabá,2009,5,,3,1,0,
1090,5330,Lalima,2009,5,,9999,1,0,
1091,5393,Ñande Ru Marangatu,2009,5,,9999,1,0,
1092,5464,Pirineus de Souza,2009,5,,4,1,3,
1093,5559,Serra da Moça,2009,5,,1,1,0,
1094,5559,Serra da Moça,2009,5,,12,1,0,
1095,5559,Serra da Moça,2009,5,,2,1,3,
1096,5559,Serra da Moça,2009,5,,9999,1,0,
1097,5559,Serra da Moça,2009,5,,1,1,3,
1098,5559,Serra da Moça,2009,5,,2,1,3,
1099,5559,Serra da Moça,2009,5,,9999,1,0,
1100,5491,Raposa Serra do Sol,2009,5,,1,1,1,
1101,5701,Cambirela,2009,5,,9999,1,0,
1102,5202,Ibirama,2009,5,,1,1,0,
1103,5306,Kraolandia,2009,5,,9999,1,0,
1104,5248,Jaminawa do Igarapé Preto,2009,6,,1,1,0,
1105,5631,Tupinambá de Olivença,2009,6,,5,1,0,
1106,5124,Caramuru/Paraguassu,2009,6,,9999,1,0,three families
1107,.,Navirai,2009,6,,1,1,3,
1108,5808,Ypoi / Triunfo,2009,6,,9999,1,0,
1109,5557,Sassoró,2009,6,,9999,1,0,
1110,5096,Buriti,2009,6,,1,1,0,
1111,5255,Jarudore,2009,6,,1,1,3,
1112,5678,Yanomami,2009,6,,1,1,0,
1113,5678,Yanomami,2009,6,,1,1,3,
1114,5382,Morro dos Cavalos,2009,6,,2,1,3,
1115,5771,Ribeirão Silveira,2009,6,,1,1,1,
1116,5252,Jaraguá,2009,6,,1,1,0,
1117,5030,Apinayé,2009,6,,2,1,3,
1118,5045,Arara do Rio Amonia,2009,7,,9999,1,0,
1119,5631,Tupinambá de Olivença,2009,7,,1,1,0,
1120,5640,Umutina,2009,7,,9999,1,0,
1121,5423,Paquiçamba,2009,7,,2,1,0,
1122,5516,Rio Manicoré,2009,7,,9999,1,0,
1123,.,Cinta Larga (R.Preto),2009,7,,9999,1,0,4 families
1124,5559,Serra da Moça,2009,7,,1,1,0,
1125,5559,Serra da Moça,2009,7,,1,1,0,
1126,5559,Serra da Moça,2009,7,,9999,1,0,
1127,.,Povo: Guarani - Barra do Ribeiro,2009,7,,1,1,0,
1128,5657,Votouro,2009,7,,9999,1,0,
1129,5701,Cambirela,2009,7,,1,1,0,
1130,5306,Kraolandia,2009,7,,1,1,0,
1131,.,Mata Alagada,2009,7,,9999,1,0,
1132,5272,Kanela,2009,8,,9999,1,0,women
1133,5117,Cana Brava/Guajajara,2009,8,,9999,1,0,
1134,5128,Caru,2009,8,,1,1,0,
1135,.,Povo: Terena - Campo Grande,2009,8,,1,1,0,
1136,5148,Dourados,2009,8,,9999,1,0,
1137,5097,Buritizinho,2009,8,,9999,1,0,
1138,5098,Caarapó,2009,8,,9999,1,0,students
1139,.,Varios communities in PA,2009,8,,9999,1,0,
1140,5516,Rio Manicoré,2009,8,,9999,1,0,
1141,5550,São Pedro,2009,8,,1,1,0,
1142,5382,Morro dos Cavalos,2009,8,,1,1,0,
1143,5651,Vanuire,2009,8,,1,1,0,
1144,5252,Jaraguá,2009,8,,1,1,0,
1145,.,Povo: Fulni-Ô - CARAPICUIBA,2009,8,,1,1,0,
1146,5012,Alto Rio Purus,2010,1,,1,1,3,
1147,5314,Kulina Igarapé do Pau,2010,1,,1,1,1,
1148,5677,Xukuru-Kariri,2010,1,,1,1,1,
1149,5631,Tupinambá de Olivença,2010,1,,1,1,0,
1150,.,Corumbauzinho,2010,1,,1,1,3,
1151,5015,Alto Turiaçu,2010,1,,1,1,0,
1152,5048,Arariboia,2010,1,,1,1,3,
1153,5528,Rodeador,2010,1,,1,1,3,
1154,5048,Arariboia,2010,1,,1,1,3,
1155,5523,Rio Pindaré,2010,1,,1,1,0,
1156,5279,Karajá Santana do Araguaia,2010,1,,1,1,3,
1157,5481,Potrero Guaçu,2010,1,,1,1,3,
1158,5241,Jaguapiré,2010,1,,1,1,1,
1159,5148,Dourados,2010,1,,1,1,3,
1160,.,Desaldeados,2010,1,,1,1,1,
1161,5582,Taquaperi,2010,1,,1,1,1,
1162,5148,Dourados,2010,1,,1,1,3,
1163,5336,Limão Verde,2010,1,,1,1,1,
1164,5336,Limão Verde,2010,1,,1,1,3,
1165,.,Povo: Terena Terenos,2010,1,,1,1,3,
1166,5148,Dourados,2010,1,,1,1,0,
1167,5148,Dourados,2010,1,,1,1,1,
1168,5148,Dourados,2010,1,,1,1,1,
1169,5016,Amambai,2010,1,,1,1,1,
1170,5098,Caarapó,2010,1,,1,1,0,
1171,5016,Amambai,2010,1,,1,1,0,
1172,5748,Laranjeira Nhanderu,2010,1,,1,1,1,
1173,5809,Yvy-Katu,2010,1,,1,1,3,
1174,5098,Caarapó,2010,1,,1,1,3,
1175,5016,Amambai,2010,1,,1,1,0,
1176,5098,Caarapó,2010,1,,1,1,1,
1177,5408,Ofayé-Xavante,2010,1,,1,1,3,
1178,5241,Jaguapiré,2010,1,,1,1,0,
1179,5098,Caarapó,2010,1,,1,1,3,
1180,5016,Amambai,2010,1,,1,1,1,
1181,5148,Dourados,2010,1,,1,1,3,
1182,5148,Dourados,2010,1,,1,1,3,
1183,5148,Dourados,2010,1,,1,1,3,
1184,5241,Jaguapiré,2010,1,,1,1,0,
1185,5557,Sassoró,2010,1,,1,1,1,
1186,5098,Caarapó,2010,1,,1,1,1,
1187,5265,Kadiwéu,2010,1,,1,1,1,
1188,5241,Jaguapiré,2010,1,,1,1,1,
1189,5241,Jaguapiré,2010,1,,1,1,1,
1190,5265,Kadiwéu,2010,1,,1,3,1,
1191,5598,Tembé,2010,1,,1,1,3,
1192,5236,Ivai,2010,1,,1,1,3,
1193,5675,Xukuru,2010,1,,1,1,3,
1194,5194,Guarita,2010,1,,1,1,1,
1195,5194,Guarita,2010,1,,1,1,3,
1196,5025,Aningal,2010,1,,1,1,3,
1197,5390,Muriru,2010,1,,1,1,1,
1198,.,Desaldeados,2010,1,,1,1,3,
1199,5491,Raposa Serra do Sol,2010,1,,1,1,1,
1200,.,Povo: Makuxi - Caracarai,2010,1,,1,1,3,
1201,5574,Tabalascada,2010,1,,1,1,3,
1202,5491,Raposa Serra do Sol,2010,1,,1,1,0,
1203,5669,Xapecó,2010,1,,1,1,3,
1204,5432,Parque do Araguaia,2010,1,,1,1,1,
1205,5279,Karajá Santana do Araguaia,2010,1,,1,1,1,
1206,5649,Vale do Javari,2010,2,,1,1,0,
1207,.,Pataxó,2010,2,,9999,1,0,
1208,5124,Caramuru/Paraguassu,2010,2,,1,1,0,
1209,5117,Cana Brava/Guajajara,2010,2,,4,1,0,
1210,5148,Dourados,2010,2,,1,1,1,
1211,5148,Dourados,2010,2,,1,1,3,
1212,5148,Dourados,2010,2,,1,1,3,
1213,5148,Dourados,2010,2,,1,1,3,
1214,5148,Dourados,2010,2,,1,1,1,
1215,5462,Pirajuí,2010,2,,9999,1,1,family
1216,5016,Amambai,2010,2,,1,1,1,
1217,5148,Dourados,2010,2,,1,1,3,
1218,5336,Limão Verde,2010,2,,1,1,0,
1219,5241,Jaguapiré,2010,2,,1,1,3,
1220,5148,Dourados,2010,2,,1,1,3,
1221,5364,Maxacali,2010,2,,1,1,3,
1222,5621,Truaru,2010,2,,1,3,3,
1223,5669,Xapecó,2010,2,,2,3,3,
1224,5286,Katukina/Kaxinawá,2010,3,,1,1,3,
1225,5798,Tupiniquim,2010,3,,1,1,0,
1226,5048,Arariboia,2010,3,,1,1,3,
1227,5535,Sangradouro/Volta Grande,2010,3,,1,1,3,
1228,5016,Amambai,2010,3,,1,1,3,
1229,.,Acampamento Laranjeira Nhande Ru,2010,3,,1,1,3,
1230,5582,Taquaperi,2010,3,,1,1,0,
1231,5241,Jaguapiré,2010,3,,1,1,0,
1232,5241,Jaguapiré,2010,3,,1,1,0,
1233,.,Itaco'a,2010,3,,1,1,3,
1234,5748,Laranjeira Nhanderu,2010,3,,1,1,3,
1235,5666,Xacriabá,2010,3,,1,1,0,
1236,5675,Xukuru,2010,3,,1,1,3,
1237,5400,Nonoai/Rio da Várzea,2010,3,,1,1,3,
1238,5194,Guarita,2010,3,,1,1,3,
1239,5325,Lago Grande,2010,4,,2,1,0,
1240,5808,Ypoi / Triunfo,2010,4,,9999,1,0,
1241,5630,Tupinambá de Belmonte,2010,5,,2,1,0,
1242,5630,Tupinambá de Belmonte,2010,5,,9999,1,0,
1243,5474,Portal do Encantado,2010,5,,3,1,0,
1244,5416,Panambi,2010,5,,9999,1,0,
1245,.,Kurusu Amba,2010,5,,9999,1,0,
1246,.,Varios communities in PA,2010,5,,9999,1,0,
1247,5491,Raposa Serra do Sol,2010,5,,1,1,0,
1248,5457,Pindoty,2010,5,,2,1,0,
1249,5548,São Marcos,2010,6,,1,1,0,
1250,5535,Sangradouro/Volta Grande,2010,6,,1,1,0,
1251,5535,Sangradouro/Volta Grande,2010,6,,1,1,3,
1252,5148,Dourados,2010,6,,1,1,3,
1253,5103,Cachoeirinha,2010,6,,9999,1,0,
1254,5241,Jaguapiré,2010,6,,1,1,1,
1255,5809,Yvy-Katu,2010,6,,1,1,0,
1256,5148,Dourados,2010,6,,1,1,1,
1257,5751,Maró,2010,6,,1,1,0,
1258,5236,Ivai,2010,6,,1,1,3,
1259,5194,Guarita,2010,6,,1,1,0,
1260,5530,Sagarana,2010,6,,1,1,3,
1261,.,Desaldeados,2010,6,,3,1,3,
1262,5432,Parque do Araguaia,2010,6,,1,1,1,
1263,5630,Tupinambá de Belmonte,2010,7,,9999,1,0,
1264,5630,Tupinambá de Belmonte,2010,7,,1,1,0,
1265,5311,Kulina do Médio Juruá,2010,8,,9999,1,0,
1266,5649,Vale do Javari,2010,8,,1,1,0,
1267,.,Varios communities in CE,2010,8,,9999,1,0,
1268,5564,Sete Cerros,2010,8,,1,1,0,
1269,5666,Xacriabá,2010,8,,1,1,0,
1270,5751,Maró,2010,8,,9999,1,0,
1271,.,Vy'A Renda,2010,8,,9999,1,0,
1272,.,Desaldeados,2010,8,,9,1,0,
1273,.,Municipio: Porto Alegre,2010,8,,1,1,0,
1274,5208,Igarapé Lage,2010,8,,1,1,0,
1275,.,Desaldeados,2010,8,,1,1,0,
1276,5457,Pindoty,2010,8,,9999,1,0,
1277,5252,Jaraguá,2010,8,,9999,1,0,
1278,5516,Rio Manicoré,2010,9,,1,1,3,
1279,5148,Dourados,2010,9,,1,1,3,
1280,5148,Dourados,2010,9,,1,1,1,
1281,5241,Jaguapiré,2010,9,,1,1,3,
1282,5241,Jaguapiré,2010,9,,1,1,3,
1283,5016,Amambai,2010,9,,1,1,1,
1284,5016,Amambai,2010,9,,1,1,0,
1285,5568,Sombrerito,2010,9,,1,1,1,
1286,5016,Amambai,2010,9,,1,1,1,
1287,5480,Potiguara de Monte-Mor,2010,9,,2,1,0,
1288,5104,Cacique Doble,2010,9,,1,1,1,
1289,.,Varios communities in RO,2010,9,,9999,1,3,child prostitution
1290,.,Dealdeados,2010,9,,1,1,1,
1291,5482,Poyanawa,2011,1,,1,1,3,
1292,.,Katokim,2011,1,,1,3,3,
1293,.,Katokim,2011,1,,1,3,3,
1294,5075,Barra Velha,2011,1,,1,3,3,
1295,5124,Caramuru/Paraguassu,2011,1,,1,1,3,
1296,5139,Coroa Vermelha,2011,1,,1,3,3,
1297,5008,Aldeia Velha,2011,1,,1,3,3,
1298,5075,Barra Velha,2011,1,,1,3,3,
1299,5272,Kanela,2011,1,,1,1,1,
1300,5178,Geralda/Toco Preto,2011,1,,1,1,3,
1301,5016,Amambai,2011,1,,1,1,3,
1302,5148,Dourados,2011,1,,2,1,2,
1303,5336,Limão Verde,2011,1,,1,1,3,
1304,5098,Caarapó,2011,1,,1,1,3,
1305,5148,Dourados,2011,1,,1,1,3,
1306,5148,Dourados,2011,1,,1,3,3,
1307,.,Yvy Katu,2011,1,,1,1,3,
1308,5564,Sete Cerros,2011,1,,1,3,3,
1309,5253,Jarará,2011,1,,1,3,3,
1310,5148,Dourados,2011,1,,1,1,3,
1311,5016,Amambai,2011,1,,1,3,3,
1312,5148,Dourados,2011,1,,1,1,1,
1313,5148,Dourados,2011,1,,1,1,3,
1314,5241,Jaguapiré,2011,1,,1,3,3,
1315,5098,Caarapó,2011,1,,1,3,3,
1316,5408,Ofayé-Xavante,2011,1,,1,3,3,
1317,5583,Taquara,2011,1,,1,3,3,
1318,.,Takarity / Ivywarusu (Paraguassú),2011,1,,1,3,3,
1319,5016,Amambai,2011,1,,1,1,3,
1320,.,Aldeia Campestre,2011,1,,1,3,3,
1321,5148,Dourados,2011,1,,1,1,2,
1322,5148,Dourados,2011,1,,1,1,2,
1323,5103,Cachoeirinha,2011,1,,1,3,3,
1324,5241,Jaguapiré,2011,1,,1,3,3,
1325,5148,Dourados,2011,1,,1,1,2,
1326,5148,Dourados,2011,1,,1,1,2,
1327,5148,Dourados,2011,1,,1,3,3,
1328,5808,Ypoi / Triunfo,2011,1,,1,1,2,
1329,5197,Gua Y Viri (Lima Campo),2011,1,,1,1,2,
1330,5148,Dourados,2011,1,,1,3,3,
1331,5016,Amambai,2011,1,,1,1,3,
1332,.,"Unknown (Peoples: terena, Municipality: Mateus Leme)",2011,1,,1,1,2,
1333,5364,Maxacali,2011,1,,1,1,2,
1334,.,"Unknown (Peoples: Guajajara, Municipality: Cumaru do Norte)",2011,1,,1,1,2,
1335,5675,Xukuru,2011,1,,1,3,3,
1336,5675,Xukuru,2011,1,,1,3,3,
1337,5675,Xukuru,2011,1,,1,3,3,
1338,5376,Monte Caseros,2011,1,,1,3,3,
1339,5376,Monte Caseros,2011,1,,1,1,1,
1340,5279,Karajá Santana do Araguaia,2011,1,,1,1,3,
1341,.,"Unknown (Peoples: Mura, Municipality: Manaus)",2011,2,,3,1,2,molotov cocktails
1342,.,"Unknown (Peoples: Miranha, Municipality: Manaus)",2011,2,,1,1,2,
1343,5016,Amambai,2011,2,,1,1,1,
1344,5098,Caarapó,2011,2,,1,1,3,
1345,5148,Dourados,2011,2,,1,1,3,
1346,5417,Panambizinho,2011,2,,1,3,3,
1347,5098,Caarapó,2011,2,,1,3,3,
1348,5098,Caarapó,2011,2,,1,3,3,
1349,5098,Caarapó,2011,2,,1,3,3,
1350,5098,Caarapó,2011,2,,1,1,3,
1351,5098,Caarapó,2011,2,,1,1,1,
1352,5098,Caarapó,2011,2,,2,3,3,
1353,5098,Caarapó,2011,2,,1,1,3,
1354,.,Takarity / Ivywarusu (Paraguassú),2011,2,,1,1,3,
1355,5098,Caarapó,2011,2,,1,1,1,
1356,.,"Unknown (Peoples: Guarani Kaiowá, Municipality: Iguatemi)",2011,2,,1,3,3,
1357,5148,Dourados,2011,2,,1,1,2,
1358,5148,Dourados,2011,2,,1,3,3,
1359,5365,M'barakay,2011,2,,30,1,2,
1360,5103,Cachoeirinha,2011,2,,8888,1,2,students in bus. 
1361,5253,Jarará,2011,2,,1,3,3,
1362,.,Itaco'a,2011,2,,1,3,3,
1363,5148,Dourados,2011,2,,1,1,1,
1364,5148,Dourados,2011,2,,1,1,3,
1365,5148,Dourados,2011,2,,1,3,3,
1366,5148,Dourados,2011,2,,1,1,1,
1367,5148,Dourados,2011,2,,1,1,1,
1368,5098,Caarapó,2011,2,,1,3,3,
1369,5197,Gua Y Viri (Lima Campo),2011,2,,9999,1,2,
1370,.,Tekoha Araguaju,2011,2,,1,1,3,
1371,5015,Alto Turiaçu,2011,3,,1,1,2,run over on street
1372,5431,Pareci,2011,3,,1,3,3,run over on street
1373,.,Acampamento Apyka'y,2011,3,,1,1,2,run over on street
1374,5103,Cachoeirinha,2011,3,,1,1,2,run over on street
1375,5016,Amambai,2011,3,,1,1,2,run over on street
1376,5557,Sassoró,2011,3,,1,3,3,run over on street
1377,5148,Dourados,2011,3,,1,1,2,run over on street
1378,5509,Rio das Cobras,2011,3,,1,1,2,run over on street
1379,5509,Rio das Cobras,2011,3,,1,1,3,run over on street
1380,5509,Rio das Cobras,2011,3,,1,1,3,run over on street
1381,5509,Rio das Cobras,2011,3,,1,1,3,run over on street
1382,5749,Lomba do Pinheiro,2011,3,,1,1,3,run over on street
1383,5280,Karapotó,2011,4,,400,1,2,80 families
1384,5736,Kalankó,2011,4,,1,1,2,
1385,5445,Paumari do Rio Ituxi,2011,4,,9999,1,2,
1386,5642,Urubu Branco,2011,4,,3,1,2,
1387,5103,Cachoeirinha,2011,4,,9999,1,2,
1388,5666,Xakriaba,2011,4,,1,1,2,
1389,5043,Arara da Volta Grande do Xingu,2011,4,,1,1,2,
1390,5038,Apyterewa,2011,4,,2,1,2,
1391,5785,Tabajara,2011,4,,1,1,2,
1392,5437,Passo Grande do Rio Forquilha,2011,4,,1,1,2,
1393,5288,Kaxarari,2011,4,,9999,1,2,
1394,5677,Xukuru-Kariri,2011,5,,9999,1,2,Federal Police
1395,.,Apuringã Igarapé São João,2011,5,,9999,1,2,
1396,.,Aldeia Aliança,2011,5,,9999,1,2,
1397,.,Furo Preto,2011,5,,9999,1,2,
1398,.,Tupinambá,2011,5,,1,1,2,Federal Police
1399,5048,Arariboia,2011,5,,1,1,2,bank
1400,5048,Arariboia,2011,5,,1,1,2,threat by FUNAI
1401,5148,Dourados,2011,5,,1,1,2,high prices for indigenous
1402,5408,Ofayé-Xavante,2011,5,,19,1,2,bank cards of indigenous stolen
1403,5148,Dourados,2011,5,,9999,1,2,
1404,.,Acampamento,2011,5,,9999,1,2,
1405,.,Mbaraka'y,2011,5,,9999,1,2,
1406,.,Acampamento,2011,5,,9999,1,2,
1407,5120,Cantagalo,2011,5,,9999,1,2,payment
1408,5244,Jaminawa / Envira,2011,6,,1,1,2,run over on street
1409,.,Adelson Junqueira,2011,6,,1,1,2,
1410,5075,Barra Velha,2011,6,,1,1,2,civil police man
1411,5128,Caru,2011,6,,1,1,2,
1412,5016,Amambai,2011,6,,2,3,3,run over on street
1413,5148,Dourados,2011,6,,1,3,3,
1414,5148,Dourados,2011,6,,1,3,3,
1415,.,Japorã,2011,6,,2,3,3,
1416,5364,Maxacali,2011,6,,1,1,1,alcohol
1417,5509,Rio das Cobras,2011,6,,2,3,3,run over on street
1418,5679,Yvyporã Laranjinha,2011,6,,1,3,3,
1419,5622,Truká,2011,6,,2,3,3,
1420,5441,Paumari do Cuniuá,2011,7,,1,1,2,police threats
1421,5569,Sororó,2011,7,,9999,1,2,
1422,5165,Fazenda Canto,2011,8,,3,1,2,
1423,.,"Unknown (Peoples: Apurinã, Municipality: Manaus)",2011,8,,9999,1,2,
1424,.,"Unknown (Peoples: Saterê-Mawe, City: Manaus)",2011,8,,9999,1,2,
1425,.,Unknown (Municipality: Manaus),2011,8,,8888,1,2,children
1426,.,"Unknown (Peoples: Guarani Mbya, Municipality: Salvador)",2011,8,,1,1,2,
1427,.,"Various (Peoples: Various, Municipality: Salvador)",2011,8,,9999,1,2,
1428,5627,Tumbalalá,2011,8,,1,1,2,
1429,.,Unknown (Municipality: Brasília),2011,8,,9999,1,2,
1430,5128,Caru,2011,8,,9999,1,2,
1431,.,"Unknown (Peolples: Guarani Kaiowá, Municipality: Campo Grande)",2011,8,,3,1,2,
1432,5196,Guató,2011,8,,9999,1,2,
1433,5148,Dourados,2011,8,,9999,1,2,
1434,.,Takuara,2011,8,,9999,1,2,
1435,5151,Entre Serras,2011,8,,1,1,2,
1436,.,Miquelenhos do Rio São Miguel,2011,8,,1,1,2,
1437,5486,Puruborá,2011,8,,1,1,2,FUNAI not helping with identification
1438,5282,Karipuna,2011,8,,2,1,2,
1439,5549,São Marcos,2011,8,,9999,1,2,
1440,5491,Raposa Serra do Sol,2011,8,,9999,1,2,
1441,5202,Ibirama,2011,8,,1,1,2,
1442,.,"Various (Peoples: Various, Municipality: Autazes)",2011,9,,8888,1,2,sexual violation by sex tourism firm Wet-A-Line Tours
1443,.,Tupinambá,2011,9,,8,3,1,
1444,5048,Arariboia,2011,9,,1,2,1,
1445,.,Chiquitano,2011,9,,1,3,3,
1446,5029,Apiaká / Kayabi,2011,9,,1,3,3,
1447,5148,Dourados,2011,9,,1,3,3,
1448,5148,Dourados,2011,9,,1,1,1,
1449,5148,Dourados,2011,9,,1,3,3,
1450,5148,Dourados,2011,9,,1,3,3,
1451,5148,Dourados,2011,9,,1,1,3,
1452,5148,Dourados,2011,9,,1,3,3,
1453,5148,Dourados,2011,9,,1,3,3,
1454,5476,Porto Lindo,2011,9,,1,3,3,
1455,5678,Yanomami,2011,9,,1,3,2,
1456,5491,Raposa Serra do Sol,2011,9,,2,3,3,
1457,5345,Manoã/Pium,2011,9,,1,3,3,
1458,5031,Apinayé,2011,9,,1,1,2,
1459,5677,Xukuru-Kariri,2012,1,,1,3,3,
1460,5439,Pau Brasil,2012,1,,1,1,1,
1461,.,Tupinambá,2012,1,,2,1,3,
1462,5439,Pau Brasil,2012,1,,1,3,3,
1463,5060,Bacurizinho,2012,1,,1,1,3,
1464,5117,Cana Brava/Guajajara,2012,1,,1,1,2,
1465,5060,Bacurizinho,2012,1,,1,3,3,
1466,5128,Caru,2012,1,,2,3,3,
1467,5128,Caru,2012,1,,1,1,3,
1468,5060,Bacurizinho,2012,1,,1,1,1,
1469,5148,Dourados,2012,1,,1,3,3,
1470,5016,Amambai,2012,1,,1,1,1,
1471,5103,Cachoeirinha,2012,1,,1,1,1,
1472,5481,Potrero Guaçu,2012,1,,1,1,3,
1473,5016,Amambai,2012,1,,1,1,3,
1474,5148,Dourados,2012,1,,1,3,3,
1475,5148,Dourados,2012,1,,1,3,3,
1476,5148,Dourados,2012,1,,1,1,3,
1477,5148,Dourados,2012,1,,1,3,3,
1478,5016,Amambai,2012,1,,1,1,3,
1479,5098,Caarapó,2012,1,,1,3,3,
1480,.,Kurupy,2012,1,,1,1,3,
1481,5016,Amambai,2012,1,,1,3,3,
1482,5098,Caarapó,2012,1,,1,3,3,
1483,5148,Dourados,2012,1,,1,1,1,
1484,5241,Jaguapiré,2012,1,,1,1,1,
1485,5462,Pirajuí,2012,1,,1,3,3,
1486,.,"Unknown (Peoples: Guarani Kaiowá, Municipality: Aral Moreira)",2012,1,,1,3,3,
1487,5148,Dourados,2012,1,,1,1,1,
1488,5148,Dourados,2012,1,,1,2,1,
1489,5148,Dourados,2012,1,,1,1,1,
1490,5148,Dourados,2012,1,,2,3,1,
1491,5016,Amambai,2012,1,,1,3,3,
1492,5148,Dourados,2012,1,,1,3,3,
1493,5582,Taquaperi,2012,1,,1,3,3,
1494,5016,Amambai,2012,1,,1,3,3,
1495,5148,Dourados,2012,1,,1,1,3,
1496,5148,Dourados,2012,1,,1,3,3,
1497,5007,Aldeia Limão Verde,2012,1,,1,1,1,alcohol
1498,5016,Amambai,2012,1,,1,3,3,
1499,5241,Jaguapiré,2012,1,,1,1,3,
1500,5585,Taunay-Ipegue,2012,1,,1,3,3,alcohol
1501,5045,Arara do Rio Amonia,2012,1,,1,1,2,Indigenous killed by military policeman
1502,5386,Munduruku,2012,1,,1,1,2,
1503,5386,Munduruku,2012,1,,1,1,2,indigenous killed by federal policeman
1504,5480,Potiguara de Monte-Mor,2012,1,,2,1,2,
1505,.,Acampamento,2012,1,,1,3,3,
1506,5487,Queimadas,2012,1,,1,1,1,
1507,5288,Kaxarari,2012,1,,1,1,2,
1508,5343,Mangueira,2012,1,,2,1,2,
1509,5609,Toldo Chimbangue,2012,1,,1,1,1,
1510,5124,Caramuru/Paraguassu,2012,2,,1,1,2,
1511,5124,Caramuru/Paraguassu,2012,2,,9999,1,2,
1512,5124,Caramuru/Paraguassu,2012,2,,1,1,2,
1513,.,"Unknown (Peoples: Guajajara, Municipality: Brasília)",2012,2,,1,1,1,
1514,5148,Dourados,2012,2,,1,1,1,alcohol
1515,5098,Caarapó,2012,2,,1,1,1,
1516,5148,Dourados,2012,2,,1,3,3,
1517,5016,Amambai,2012,2,,1,1,3,
1518,5055,Arroio-Korá,2012,2,,9999,1,2,
1519,5148,Dourados,2012,2,,1,1,2,
1520,5148,Dourados,2012,2,,1,3,3,
1521,5253,Jarará,2012,2,,1,1,1,
1522,5148,Dourados,2012,2,,1,1,3,
1523,5241,Jaguapiré,2012,2,,1,1,3,
1524,5103,Cachoeirinha,2012,2,,2,1,2,
1525,5325,Lago Grande,2012,2,,1,1,3,alcohol
1526,5431,Paresi,2012,2,,1,1,3,
1527,5350,Maraiwatsede,2012,2,,1,1,2,
1528,.,"Unknown (Peoples: Guarani, Municipality: Santa Amélia)",2012,2,,1,1,2,FUNAI did not help
1529,5678,Yanomami,2012,2,,1,3,3,
1530,.,Santa Maria,2012,2,,5,1,2,
1531,5609,Toldo Chimbangue,2012,2,,1,1,3,
1532,5311,Krukutu,2012,2,,2,1,2,
1533,.,Pataxó Hã-Hã-Hãe,2012,3,,1,1,2,
1534,5466,Pitaguary,2012,3,,1,1,3,run over on street
1535,5117,Cana Brava/Guajajara,2012,3,,1,1,3,run over on street
1536,5476,Porto Lindo,2012,3,,1,1,3,run over on street
1537,5055,Arroio-Korá,2012,3,,1,1,3,run over on street
1538,5148,Dourados,2012,3,,2,1,3,run over on street
1539,5241,Jaguapiré,2012,3,,1,1,3,run over on street
1540,5148,Dourados,2012,3,,1,1,3,run over on street
1541,5748,Laranjeira Nhãnderu,2012,3,,1,1,2,run over on street
1542,.,Acampamento,2012,3,,1,1,2,run over on street
1543,.,Kurusu Ambá,2012,3,,1,1,2,
1544,5051,Areões,2012,3,,1,1,3,
1545,.,Unknown (State: Paraná),2012,3,,1,3,3,run over on street
1546,.,Unknown (State: Paraná),2012,3,,1,3,3,run over on street
1547,.,Unknown (State: Paraná),2012,3,,1,3,3,run over on street
1548,.,Unknown (State: Paraná),2012,3,,1,3,3,run over on street
1549,.,Unknown (State: Paraná),2012,3,,1,3,3,run over on street
1550,.,Unknown (State: Paraná),2012,3,,1,3,3,run over on street
1551,5054,Arroio do Konde,2012,3,,1,1,2,run over on street
1552,.,Iraí,2012,3,,1,1,3,run over on street
1553,5252,Jaraguá,2012,3,,1,1,3,run over on street
1554,5246,Jaminawá da Colocação São Paulino,2012,4,,2,1,2,
1555,5117,Cana Brava/Guajajara,2012,4,,4,1,2,
1556,5179,Governador,2012,4,,6,1,2,
1557,5666,Xakriabá,2012,4,,3,1,2,
1558,5462,Pirajuí,2012,4,,1,1,2,
1559,5055,Arroio-Korá,2012,4,,9999,1,2,
1560,.,Takuara,2012,4,,3,1,2,
1561,5197,Gua Y Viri (Lima Campo),2012,4,,1,1,3,
1562,5103,Cachoeirinha,2012,4,,1,1,2,
1563,5103,Cachoeirinha,2012,4,,2,1,1,
1564,5350,Maraiwatsede,2012,4,,9999,1,2,
1565,5405,Nova Jacundá (Aldeia),2012,4,,1,1,2,
1566,5043,Arara da Volta Grande do Xingu,2012,4,,1,1,2,
1567,5038,Apyterewa,2012,4,,2,1,2,
1568,5284,Karitiana,2012,4,,9999,1,2,"by Politicians, famers, loggers"
1569,5288,Kaxarari,2012,4,,9999,1,2,
1570,5039,Araçá,2012,4,,1,1,2,
1571,.,Pindo Ty,2012,4,,9999,1,2,
1572,5312,Krukutu,2012,4,,1,1,2,
1573,.,Alto Rio Envira,2012,5,,1,1,2,FUNAI threatened
1574,5286,Katukina/Kaxinawá,2012,5,,9999,1,2,
1575,5460,Pirahã,2012,5,,9999,1,2,FUNAI guy having cash cards of indigenous
1576,5379,Morro Branco,2012,5,,9999,1,2,
1577,5048,Arariboia,2012,5,,1,1,2,
1578,5197,Gua Y Viri (Lima Campo),2012,5,,9999,1,2,
1579,5748,Laranjeira Nhãnderu,2012,5,,9999,1,2,
1580,5265,Kadiwéu,2012,5,,1,1,2,
1581,5103,Cachoeirinha,2012,5,,9999,1,2,
1582,5279,Karajá Santana do Araguaia,2012,5,,1,1,2,Illegal tentative adoption
1583,5029,Apiaká / Kayabi,2012,5,,9999,1,2,hydro plant
1584,5350,Maraiwatsede,2012,5,,9999,1,2,pesticides
1585,5386,Munduruku,2012,5,,9999,1,2,Hydro plant Tapajós
1586,5742,Kayabi,2012,5,,1,1,2,
1587,5313,Krukutu,2012,5,,9999,1,2,
1588,5148,Dourados,2012,6,,1,1,1,
1589,5585,Taunay-Ipegue,2012,6,,1,2,1,
1590,5241,Jaguapiré,2012,6,,1,1,1,
1591,5148,Dourados,2012,6,,1,1,2,
1592,5742,Kayabi,2012,6,,4,1,2,Attack of Federal Police
1593,5742,Kayabi,2012,6,,9999,1,2,Federal Police
1594,.,Paraguassu,2012,7,,9999,1,2,
1595,5742,Kayabi,2012,7,,9999,1,2,Federal Police
1596,.,Piraí,2012,7,,9999,1,2,
1597,.,Various (Internet),2012,8,,9999,1,2,
1598,5241,Jaguapiré,2012,8,,3,1,2,
1599,5148,Dourados,2012,8,,9999,1,2,
1600,.,"Various (Peoples: Guarani Kaiowá, Municipality: Campo Grande)",2012,8,,8,1,2,
1601,5748,Laranjeira Nhãnderu,2012,8,,9999,1,2,
1602,.,"Unknown (Peoples: Guarani Kaiowá, Municipality: Belo Horizonte)",2012,8,,9999,1,2,
1603,5486,Puruborá,2012,8,,9999,1,2,
1604,5209,Igarapé Lourdes,2012,8,,9999,1,2,
1605,.,Various (Municipality: Boa Vista),2012,8,,9999,1,2,
1606,5678,Yanomami,2012,8,,9999,1,2,
1607,.,"Various (Peoples: Wapixana, Municipality: Boa Vista)",2012,8,,9999,1,2,
1608,.,"Unknown (Peoples: Baré, Municipality: São Gabriel da Cachoeira)",2012,9,,1,1,2,
1609,.,"Unknown (Peoples: Baré, Municipality: São Gabriel da Cachoeira)",2012,9,,9999,1,2,
1610,5060,Bacurizinho,2012,9,,1,1,2,
1611,.,Tekohá Pyelito Kue,2012,9,,1,1,2,
1612,5148,Dourados,2012,9,,1,1,2,
1613,.,"Unknown (Peoples: Tukano, Municipality: Rio de Janeiro)",2012,9,,1,1,2,
1614,5514,Rio Guaporé,2012,9,,1,1,1,
1615,5600,Tenharim Marmelos,2013,1,,1,1,,
1616,5631,Tupinambá de Olivença,2013,1,,3,1,,
1617,5631,Tupinambá de Olivença,2013,1,,1,1,,
1618,5098,Caarapó,2013,1,,1,1,,
1619,5016,Amambai,2013,1,,1,1,,
1620,5241,Jaguapiré,2013,1,,1,1,,
1621,5148,Dourados,2013,1,,1,1,,
1622,5098,Caarapó,2013,1,,1,1,,
1623,5098,Caarapó,2013,1,,1,1,,
1624,5016,Amambai,2013,1,,1,1,,
1625,5148,Dourados,2013,1,,1,1,,
1626,5016,Amambai,2013,1,,1,1,,
1627,5148,Dourados,2013,1,,2,1,,
1628,5098,Caarapó,2013,1,,1,1,,
1629,5096,Buriti,2013,1,,1,1,,
1630,5241,Jaguapiré,2013,1,,1,1,,
1631,.,Takarity/Vykwarusu (Paraguassú),2013,1,,1,1,,
1632,.,Quintino Kue,2013,1,,1,1,,
1633,5148,Dourados,2013,1,,1,1,,
1634,5016,Amambai,2013,1,,1,1,,
1635,5148,Dourados,2013,1,,1,1,,
1636,5098,Caarapó,2013,1,,1,1,,
1637,5148,Dourados,2013,1,,1,1,,
1638,5098,Caarapó,2013,1,,1,1,,
1639,5148,Dourados,2013,1,,1,1,,
1640,5016,Amambai,2013,1,,1,1,,
1641,5582,Taquaperi,2013,1,,1,1,,
1642,5148,Dourados,2013,1,,1,1,,
1643,5148,Dourados,2013,1,,1,1,,
1644,5148,Dourados,2013,1,,1,1,,
1645,5198,Guyraroka,2013,1,,1,1,,
1646,5148,Dourados,2013,1,,1,1,,
1647,5148,Dourados,2013,1,,2,1,,
1648,5148,Dourados,2013,1,,1,1,,
1649,5056,Atikum,2013,1,,1,1,,
1650,5386,Munduruku,2013,1,,1,1,,
1651,5675,Xukuru,2013,1,,1,1,,
1652,5344,Mangueirinha,2013,1,,1,1,,
1653,.,"Unknown (Peoples: Avá-Guarani, Municipality: Guaíra)",2013,1,,1,1,,
1654,5339,Malacacheta,2013,1,,1,1,,
1655,5678,Yanomami,2013,1,,4,1,,
1656,5621,Truaru,2013,1,,1,1,,
1657,5194,Guarita,2013,1,,1,1,,
1658,.,Krahô,2013,1,,1,1,,
1659,5032,Apinayé,2013,1,,1,1,,
1660,5432,Parque do Araguaia,2013,1,,1,1,0,
1661,.,"Unknown (Peoples: Tikuna, Município: Manaus)",2013,2,,1,1,1,
1662,.,Tupinambá,2013,2,,Several,1,,
1663,5631,Tupinambá de Olivença,2013,2,,1,1,0,
1664,5139,Coroa Vermelha,2013,2,,9999,1,0,
1665,5631,Tupinambá de Olivença,2013,2,,1,1,0,
1666,5048,Arariboia,2013,2,,1,1,0,
1667,5385,Mundo Verde/Cachoeirinha,2013,2,,1,1,1,
1668,5564,Sete Cerros,2013,2,,1,1,1,1
1669,.,"Unknown (Peoples: Guarani-Kaiowá, Municipality: Amambai)",2013,2,,1,1,3,
1670,.,"Unknown (Peoples: Guarani, Minicipality: Dourados)",2013,2,,1,1,3,
1671,5148,Dourados,2013,2,,1,1,3,
1672,5096,Buriti,2013,2,,1,1,0,police attack
1673,5097,Buritizinho,2013,2,,1,1,0,
1674,.,Te'y Kue,2013,2,,1,1,1,
1675,5476,Porto Lindo,2013,2,,1,1,1,
1676,5016,Amambai,2013,2,,1,1,3,"one dead, one found"
1677,5098,Caarapó,2013,2,,1,1,3,
1678,5148,Dourados,2013,2,,1,1,0,
1679,5098,Caarapó,2013,2,,1,1,3,
1680,.,"Various (Peoples: Terena, Municipality: Miranda)",2013,2,,1,1,0,
1681,5453,Pilad Rebuá,2013,2,,9999,1,0,
1682,.,Yvy Katu,2013,2,,9999,1,0,
1683,5453,Pilad Rebuá,2013,2,,1,1,3,
1684,5229,Isoú'pá,2013,2,,1,1,3,
1685,.,Joacy,2013,2,,1,1,0,
1686,5437,Passo Grande do Rio Forquilha,2013,2,,2,1,0,
1687,5252,Jaraguá,2013,2,,9999,1,0,
1688,5671,Xerente,2013,2,,1,1,0,
1689,5148,Dourados,2013,3,,1,1,3,
1690,.,"Unknown (Peoples: Guarani, Municipality: Mundo Novo)",2013,3,,1,1,3,
1691,5582,Taquaperi,2013,3,,1,1,3,
1692,5148,Dourados,2013,3,,1,1,3,
1693,5148,Dourados,2013,3,,1,1,3,
1694,5148,Dourados,2013,3,,1,1,3,
1695,5509,Rio das Cobras,2013,3,,1,1,3,
1696,5509,Rio das Cobras,2013,3,,2,1,3,
1697,5399,Nonoai,2013,3,,1,1,3,
1698,.,Krahô,2013,3,,3,1,3,60 hurt
1699,.,"Unknown (Peoples: Mura, Municipality: Autazes)",2013,4,,1,1,3,
1700,.,"Various (Peoples: Guarani-Kaiowá, Municipality: Dourados)",2013,4,,9999,1,0,
1701,5148,Dourados,2013,4,,1,1,3,
1702,5453,Pilad Rebuá,2013,4,,1,1,0,
1703,5198,Guyraroká,2013,4,,1,1,3,
1704,.,Pankará,2013,4,,3,1,0,
1705,5033,Apinayé,2013,4,,1,1,0,
1706,5034,Apinayé,2013,4,,1,1,0,
1707,5272,Kanela,2013,4,,2,1,0,
1708,5035,Apinayé,2013,4,,3,1,1,
1709,5148,Dourados,2013,5,,9999,1,0,
1710,.,Various (Municipality: Campo Grande),2013,5,,9999,1,0,
1711,5148,Dourados,2013,5,,9999,1,0,
1712,5350,Maraiwatsede,2013,5,,9999,1,0,
1713,5597,Tekoha Porã,2013,5,,9999,1,0,
1714,5597,Tekoha Porã,2013,5,,9999,1,0,
1715,5600,Tenharim Marmelos,2013,5,,4,1,0,
1716,5382,Morro dos Cavalos,2013,5,,1,1,0,
1717,5187,Guarani da Barragem,2013,5,,9999,1,0,
1718,5036,Apinayé,2013,5,,9999,1,0,ex-FUNAI-boss was accused perpetrator
1719,5179,Governador,2013,6,,1,1,3,
1720,5015,Alto Turiaçu,2013,6,,9999,1,0,
1721,5148,Dourados,2013,6,,1,1,1,
1722,5096,Buriti,2013,6,,1,1,0,attack of Federal and Military Polices
1723,5096,Buriti,2013,6,,1,1,0,car attack of Federal Police
1724,.,"Unknown (Peoples: Avßa-Guarani, Municipality: Guaíra)",2013,6,,3,1,3,
1725,5597,Tekoha Porã,2013,6,,1,1,3,
1726,.,Yvy Katu,2013,7,,9999,1,0,Federal Police
1727,.,"Unknown (Peoples: Oro Nao', Municipality: Guajará-Mirim)",2013,7,,6,1,0,Police
1728,5677,Xukuru-Kariri,2013,8,,9999,1,0,
1729,5600,Tenharim Marmelos,2013,8,,9999,1,0,
1730,.,"Unknown (Peoples: Guarani-Kaiowá, Municipality: Macapá)",2013,8,,9999,1,0,
1731,.,Tupinambá,2013,8,,9999,1,0,
1732,.,"Unknown (Peoples: Munduruku, Municipality: Brasília)",2013,8,,9999,1,0,
1733,5666,Xakriabá,2013,8,,9999,1,0,
1734,.,Pataxó,2013,8,,9999,1,0,
1735,.,Kurusu Ambá,2013,8,,Several,1,0,
1736,.,Aldeia Campestre,2013,8,,28,1,0,
1737,5103,Cachoeirinha,2013,8,,Several,1,0,
1738,.,"Various (Peoples: Ofaié-Xavante, Municipality: Campo Grande)",2013,8,,9999,1,0,
1739,.,Chiquitano,2013,8,,9999,1,0,
1740,5151,Entre Serras,2013,8,,9999,1,0,
1741,5354,Marrecas,2013,8,,9999,1,0,
1742,5597,Tekoha Porã,2013,8,,9999,1,0,
1743,.,"Unknown (Peoples: Ashaninka, Municipality: Rio de Janeiro)",2013,8,,1,1,0,police attack
1744,.,"Unknown (Peoples: Guarasugwe, Municipality: Pimenteiras)",2013,8,,9999,1,0,
1745,.,"Unknown (Peoples: Various, Municipality: Porto Velho)",2013,8,,9999,1,0,
1746,.,Kujubim,2013,8,,3,1,0,
1747,5491,Raposa Serra do Sol,2013,8,,9999,1,0,
1748,.,Unknown (Municipality: Vicente Dutra),2013,8,,9999,1,0,
1749,5272,Kanela,2013,8,,9999,1,0,
1750,5272,Kanela,2013,8,,1,1,0,
1751,5045,Arara do Rio Amonia,2013,9,,1,1,3,
1752,5386,Munduruku,2013,9,,1,1,3,
1753,5148,Dourados,2013,9,,1,1,3,
1754,5198,Guyraroká,2013,9,,1,1,1,
1755,5148,Dourados,2013,9,,1,1,1,
1756,5148,Dourados,2013,9,,1,1,3,
1757,.,Quintino Kue,2013,9,,1,1,0,
1758,5742,Kayabi,2013,9,,Several,1,0,"crime committed by firm Jordao Conceicao da Silva, part of the company Odebrecht, 80-100 indigenous girls living in village"
1759,5509,Rio das Cobras,2013,9,,1,1,3,
1760,5597,Tekoha Porã,2013,9,,1,1,0,
1761,.,Ortigueira,2013,9,,1,1,3,
1762,5087,Bom Intento,2014,1,,1,,,
1763,.,Evaré,2014,1,,1,,,Also raped and then beaten to death
1764,5541,São Francisco,2014,1,,1,,,
1765,5311,Kulina do Médio Juruá,2014,1,,1,,,
1766,.,Urban,2014,1,,1,,,
1767,5311,Kulina do Médio Juruá,2014,1,,1,,,"among indigenous, motivated by feud or vendetta"
1768,5311,Kulina do Médio Juruá,2014,1,,1,,,accused person is non-native
1769,5311,Kulina do Médio Juruá,2014,1,,1,,,"victim beaten by relatives, fell on river and drowned"
1770,5311,Kulina do Médio Juruá,2014,1,,1,,,victim was shaman
1771,5311,Kulina do Médio Juruá,2014,1,,1,,,alcohol
1772,.,Massarará,2014,1,,1,,,child
1773,5221,Imbiriba,2014,1,,1,,,
1774,5631,Tupinambá de Olivença,2014,1,,1,,,20 shots
1775,.,Tupinambá,2014,1,,2,,,
1776,5631,Tupinambá de Olivença,2014,1,,1,,,
1777,5124,Caramuru/Paraguassu,2014,1,,1,,,stabbed victim 22 times
1778,.,"Unclear (Municipality: Una, Location: Laranjeiras Farm)",2014,1,,1,,,wife of victim raped
1779,5124,Caramuru/Paraguassu,2014,1,,1,,,
1780,.,Tupinambá,2014,1,,1,,,
1781,5139,Coroa Vermelha,2014,1,,1,,,fire with police
1782,5139,Coroa Vermelha,2014,1,,1,,,drug smugglers
1783,5106,Cahy/Pequi,2014,1,,1,,,drug smugglers
1784,.,Pataxó,2014,1,,1,,,drug smugglers
1785,5124,Caramuru/Paraguassu,2014,1,,1,,,
1786,5276,Karajá de Aruanã I,2014,1,,1,,,
1787,5666,Xacriabá,2014,1,,1,,,
1788,.,"Unknown (People: Pataxó, Municipality: Belo Horizonte, Location: Downtown)",2014,1,,1,,,
1789,5364,Maxacali,2014,1,,1,,,
1790,5148,Dourados,2014,1,,1,,,
1791,5148,Dourados,2014,1,,1,,,
1792,.,"Unknown (People: Guarani-Kaiowá), Municipality: Aral Moreira)",2014,1,,2,,,
1793,5148,Dourados,2014,1,,1,,,
1794,5098,Caarapó,2014,1,,1,,,
1795,5148,Dourados,2014,1,,1,,,
1796,5148,Dourados,2014,1,,1,,,
1797,5148,Dourados,2014,1,,1,,,sexual crime
1798,5016,Amambai,2014,1,,1,,,
1799,5016,Amambai,2014,1,,1,,,
1800,5148,Dourados,2014,1,,1,,,sexual crime
1801,5148,Dourados,2014,1,,2,,,
1802,5336,Limão Verde,2014,1,,1,,,
1803,5098,Caarapó,2014,1,,1,,,
1804,.,Te'y Kue,2014,1,,1,,,
1805,.,Yvy Katu,2014,1,,1,,,
1806,5016,Amambai,2014,1,,1,,,
1807,.,Nhu Verá,2014,1,,1,,,"35 stabs, rape"
1808,5098,Caarapó,2014,1,,1,,,
1809,5148,Dourados,2014,1,,1,,,
1810,5336,Limão Verde,2014,1,,1,,,
1811,5265,Kadiwéu,2014,1,,2,,,
1812,5148,Dourados,2014,1,,1,,,
1813,5539,São Domingos - MT,2014,1,,1,,,
1814,.,"Unknown (People: Xavante, Municipality: Campona da Lagoa)",2014,1,,1,,,
1815,5300,Kayapó,2014,1,,1,,,
1816,.,"Unknown (People: Kuruaya, Municipality: Altamira, Location of Incident: Altamira)",2014,1,,1,,,
1817,5015,Alto Turiaçu,2014,1,,1,,,"extremely cruel fash- ion. After raping her, they ripped off her genitalia, stabbed her body several times and pulled her eyes out. "
1818,.,Carnaubeira da Penha,2014,1,,2,,,
1819,5675,Xukuru,2014,1,,1,,,
1820,5675,Xukuru,2014,1,,1,,,
1821,5224,Inhacorá,2014,1,,1,,,
1822,5194,Guarita,2014,1,,1,,,
1823,.,Rio dos Õndios,2014,1,,1,,,
1824,.,Pindo Ty,2014,1,,1,,,
1825,5560,Serra do Itatins,2014,1,,1,,,
1826,.,Kraholândia,2014,1,,1,,,
1827,.,Kraholândia,2014,1,,1,,,
1828,.,Massarará,2014,2,,5,,,
1829,5221,Imbiriba,2014,2,,1,,,drug smuggling
1830,5631,Tupinambá de Olivença,2014,2,,1,,,
1831,5139,Coroa Vermelha,2014,2,,3,,,"Victim: Couple of natives, driver"
1832,5666,Xacriabá,2014,2,,1,,,
1833,5075,Barra Velha,2014,2,,Several,,,Not stated how many women
1834,5015,Alto Turiaçu,2014,2,,1,,,
1835,5015,Alto Turiaçu,2014,2,,Several,,,Not stated how many natives
1836,5667,Xakriabá Rancharia,2014,2,,1,,,
1837,.,"Unknown (People: Pataxó, Municipality: Açucena)",2014,2,,1,,,
1838,.,Pyelito Kue,2014,2,,9999,,,
1839,.,"Unknown (People: Guarani-Kaiowá, Municipality: Ivinhema)",2014,2,,1,,,
1840,5453,Pilad Rebuá,2014,2,,1,,,
1841,5148,Dourados,2014,2,,1,,,stabbed
1842,5148,Dourados,2014,2,,1,,,stabbed
1843,5148,Dourados,2014,2,,2,,,stabbed
1844,.,Pyelito Kue,2014,2,,9999,,,also burnt down tents etc
1845,5148,Dourados,2014,2,,1,,,
1846,5148,Dourados,2014,2,,1,,,
1847,.,Yvy Katu,2014,2,,3,,,
1848,.,Kurusu Ambá,2014,2,,1,,,
1849,.,Pyelito Kue,2014,2,,9999,,,
1850,.,"Unknown (People: Kuruaya, Municipality: Altamira)",2014,2,,1,,,
1851,5597,Tekoha Porã,2014,2,,2,,,
1852,5544,São Jeronimo,2014,2,,1,,,
1853,5491,Raposa Serra do Sol,2014,2,,1,,,
1854,5657,Votouro,2014,2,,1,,,
1855,.,Iraí,2014,2,,2,,,
1856,5266,Kaingang de Iraí,2014,2,,1,,,
1857,.,Tekoha Araguaja,2014,2,,1,,,
1858,5481,Potrero Guaçu,2014,2,,1,,,
1859,.,Apikay,2014,3,,1,,,bus
1860,.,Apikay,2014,3,,1,,,truck
1861,.,Apikay,2014,3,,1,,,truck
1862,.,Gua Y Viri (Lima Campo),2014,3,,1,,,car
1863,5583,Taquara,2014,3,,1,,,highway
1864,5148,Dourados,2014,3,,1,,,highway
1865,5148,Dourados,2014,3,,1,,,highway
1866,5148,Dourados,2014,3,,1,,,highway
1867,.,"Unknown (People: Guarani-Kaiowá, Municipality: Naviraí)",2014,3,,1,,,highway
1868,.,Unknown (Municipality: Sinop),2014,3,,1,,,highway
1869,.,"Unknown (People: Guarani, Municipality: Ivaiporã)",2014,3,,1,,,highway
1870,5509,Rio das Cobras,2014,3,,1,,,highway
1871,5509,Rio das Cobras,2014,3,,1,,,highway
1872,5084,Boa Vista - PR,2014,3,,1,,,highway
1873,5344,Mangueirinha,2014,3,,1,,,highway
1874,5712,Estiva,2014,3,,1,,,highway
1875,5194,Guarita,2014,3,,1,,,highway
1876,.,Yakã Porã,2014,3,,1,,,highway
1877,.,Yakã Porã,2014,3,,1,,,highway
1878,5055,Arroio-Korá,2014,3,,1,,,highway
1879,.,São Paolino,2014,4,,1,,,
1880,.,Maraguá,2014,4,,3,,,
1881,5631,Tupinambá de Olivença,2014,4,,9999,,,
1882,5666,Xakriabá de Cocos,2014,4,,1,,,
1883,5015,Alto Turiaçu,2014,4,,2,,,
1884,5015,Alto Turiaçu,2014,4,,9999,,,
1885,5015,Alto Turiaçu,2014,4,,Several,,,"Whole family, threatened for denouncing illegal exploration of timber"
1886,5048,Arariboia,2014,4,,5,,,
1887,5179,Governador,2014,4,,4,,,
1888,5309,Krikati,2014,4,,1,,,
1889,5416,Panambi,2014,4,,1,,,
1890,.,Apikay,2014,4,,1,,,
1891,.,Kurusu Ambá,2014,4,,1,,,
1892,5583,Taquara,2014,4,,1,,,
1893,5453,Pilad Rebuá,2014,4,,1,,,
1894,5365,M'barakay,2014,4,,1,,,
1895,.,Pyelito Kue,2014,4,,1,,,
1896,.,"Unknown (People: Munduruku, Municipality: Jacareacanga)",2014,4,,5,,,
1897,.,Citadino,2014,4,,Several,,,Woman and her family
1898,.,Guajanaíra,2014,4,,25,,,
1899,.,"Unknown (People: Munduruku, Municipality: Jacareacanga)",2014,4,,1,,,
1900,.,"Unknown (People: Munduruku, Municipality: Jacareacanga)",2014,4,,1,,,
1901,.,"Unknown (People: Munduruku, Municipality: Jacareacanga)",2014,4,,1,,,
1902,5751,Maró,2014,4,,1,,,
1903,.,Tekoha Jey,2014,4,,1,,,
1904,.,Y'Hory,2014,4,,1,,,
1905,.,Igarapé Lage,2014,4,,1,,,
1906,.,Guajará-Mirim,2014,4,,1,,,
1907,5678,Yanomami,2014,4,,1,,,
1908,5367,Médio Rio Negro I,2014,5,,9999,,,
1909,5024,Andirá-Marau,2014,5,,2,,,
1910,5011,Alto Rio Negro,2014,5,,Several,,,slavery over 10y
1911,5048,Arariboia,2014,5,,9999,,,
1912,5179,Governador,2014,5,,9999,,,loans
1913,5309,Krikati,2014,5,,9999,,,loans
1914,5272,Kanela,2014,5,,9999,,,loans
1915,.,Porquinhos-Canela Apãnjekra,2014,5,,9999,,,loans
1916,.,Kurusu Ambá,2014,5,,9999,,,
1917,.,Santiago Kue/Kurupi,2014,5,,1,,,
1918,.,Tey Juçu,2014,5,,9999,,,
1919,.,Karajá do Araguaia,2014,5,,9999,,,
1920,.,Jarudori,2014,5,,9999,,,
1921,.,"Unknown (People: Munduruku, Location: Rio das Tropas)",2014,5,,9999,,,
1922,.,Jaguarazinho,2014,5,,1,,,
1923,5300,Kayapó,2014,5,,1,,,bank
1924,.,"Various (People: Arara, Municipality: Altamira)",2014,5,,9999,,,several communities
1925,.,Daje Kapap Eip,2014,5,,9999,,,
1926,5236,Ivai,2014,5,,9999,,,several communities
1927,5284,Karitiana,2014,5,,9999,,,blood sold in USA
1928,5678,Yanomami,2014,5,,1,,,
1929,5678,Yanomami,2014,5,,Several,,,"also sexual abuse, slavery"
1930,.,"Unknown (People: Kaingang, Municipality: Erval Grande)",2014,5,,Several,,,12 families
1931,.,"Unknown (People: Guarani-Kaiowá, Municipality: Urupema)",2014,5,,3,,,slavery
1932,.,"Unknown (People: Guarani-Kaiowá, Municipality: Urupema)",2014,5,,35,,,slavery
1933,.,Various (Municipality: Criciúma),2014,5,,9999,,,slavery
1934,.,Krahô,2014,5,,9999,,,
1935,5311,Kulina do Médio Juruá,2014,6,,1,,,
1936,5311,Kulina do Médio Juruá,2014,6,,1,,,
1937,5630,Tupinambá de Belmonte,2014,6,,3,,,
1938,5631,Tupinambá de Olivença,2014,6,,1,,,
1939,.,Various (Municipality: Brasília),2014,6,,9,,,
1940,5015,Alto Turiaçu,2014,6,,1,,,
1941,5148,Dourados,2014,6,,1,,,
1942,5148,Dourados,2014,6,,1,,,
1943,.,Pyelito Kue,2014,6,,Several,,,"Women and children, Adriano Lunes Benites"
1944,.,Kurusu Ambá,2014,6,,1,,,
1945,5148,Dourados,2014,6,,1,,,
1946,5424,Parabubure,2014,6,,1,,,
1947,5673,Xikrin do Rio Catete,2014,6,,20,,,"Belo Monte plant, Norte Energia"
1948,.,"Unknown (People: Munduruku, Municipality: Jacareacanga)",2014,6,,2,,,
1949,.,"Unknown (People: Oro Win, Municipality: Guajará-Mirim)",2014,6,,1,,,
1950,.,Iraí,2014,6,,1,,,
1951,.,"Unknown (People: Guarani-Kaiowá, Municipality: Lebon Régis)",2014,6,,1,,,
1952,5037,Apinayé,2014,6,,1,,,
1953,.,"Unknown (People: Naua, Municipality: Mâncio Lima)",2014,7,,Several,,,"Men, women, children"
1954,5677,Xukuru-Kariri,2014,7,,1,,,
1955,5677,Xukuru-Kariri,2014,7,,1,,,
1956,5311,Kulina do Médio Juruá,2014,7,,2,,,
1957,.,Pataxó,2014,7,,9999,,,
1958,5631,Tupinambá de Olivença,2014,7,,3,,,
1959,5015,Alto Turiaçu,2014,7,,9999,,,
1960,5015,Alto Turiaçu,2014,7,,Several,,,Indigenous leaders
1961,5048,Arariboia,2014,7,,9999,,,
1962,5603,Tereza Cristina,2014,7,,9999,,,
1963,5799,Tuwa Apekuokawera,2014,7,,1,,,
1964,5531,Sai-Cinza,2014,7,,70,,,teachers
1965,.,Kandóia,2014,7,,9999,,,
1966,5437,Passo Grande do Rio Forquilha,2014,7,,1,,,
1967,.,Kandóia,2014,7,,9999,,,misuse of authority
1968,.,"Various (People: Xerente, Municipality: Tocantínia)",2014,7,,4,,,
1969,.,Various,2014,8,,9999,,,
1970,5396,Nauá,2014,8,,Several,,,
1971,5421,Pankararu,2014,8,,9999,,,
1972,5600,Tenharim Marmelos,2014,8,,9999,,,
1973,5367,Médio Rio Negro I,2014,8,,9999,,,
1974,.,Tupinambá,2014,8,,9999,,,
1975,5631,Tupinambá de Olivença,2014,8,,9999,,,
1976,5631,Tupinambá de Olivença,2014,8,,1,,,
1977,.,"Various ethnic groups, Belo Horizonte",2014,8,,9999,,,
1978,5298,Kaxixó,2014,8,,9999,,,
1979,.,Various (Victim: Natives in Santarém),2014,8,,9999,,,
1980,5751,Maró,2014,8,,9999,,,
1981,.,Various (Victim: Natives in Santarém),2014,8,,9999,,,
1982,.,"Various (Victim: State communities, People: Kaingang, Municipality: Porto Alegre)",2014,8,,9999,,,
1983,.,Kandóia,2014,8,,9999,,,
1984,5382,Morro dos Cavalos,2014,8,,9999,,,
1985,.,Yakã Porã,2014,8,,1,,,
1986,5378,Morro Alto,2014,8,,1,,,
1987,.,Pindo Ty,2014,8,,1,,,
1988,5382,Morro dos Cavalos,2014,8,,9999,,,
1989,.,Evaré,2014,9,,2,,,
1990,5631,Tupinambá de Olivença,2014,9,,1,,,
1991,5364,Maxacali,2014,9,,1,,,
1992,5148,Dourados,2014,9,,1,,,
1993,5148,Dourados,2014,9,,2,,,
1994,5148,Dourados,2014,9,,1,,,
1995,5148,Dourados,2014,9,,1,,,
1996,5148,Dourados,2014,9,,1,,,
1997,5148,Dourados,2014,9,,1,,,
1998,5539,São Domingos - MT,2014,9,,1,,,
1999,.,Unknown (Municipality: Santarém),2014,9,,1,,,
2000,.,"Unknown (People: Arara, Municipality: Altamira, Location: Worksite of Belo Monte Hydroelectric Plant)",2014,9,,Several,,,
2001,5239,Jacaré de São Domingos,2014,9,,2,,,
2002,.,Tekoha Araguaju,2014,9,,1,,,
2003,5678,Yanomami,2014,9,,1,,,
2004,.,"Unknown (Municipality: Alto Alegre, Location: Papiú Longhouse)",2014,9,,5,,,abuse and slavery
2005,.,Unknown (Municipality: Boa Vista),2014,9,,1,,,
2006,.,Conquista,2014,9,,1,,,
2007,5461,Piraí,2014,9,,1,,,
