id_ad,Terra Indigena,Duplicate Name,id_683,id_733,id_587,Grupo Indigena,Municipio,U   F,Superf. Ha,Situao,C  R,Identificada,Delimitada,Declarada_Demarcada,Holologada_Homologado,Reg. CRI,Reg. SPU,Modification_Date
5000,Acapuri de Cima,,1,101,2,Kokama,Fonte Boa,AM,"19,885",Declarada,Alto Solim?es,,,4/17/2000,,,,
5001,Acim?,,2,201,3,Apurin?,L?brea,AM,"40,686",Regularizada,Purus,,,5/18/1992,11/3/1997,12/9/1997,4/19/1999,
5002,Acon?,,3,601,6,Tingui Bot?,Traipu,AL,268,Encaminhada RI,Maceio,,,,,,,
5003,?gua Limpa,,4,301,,Terena,Rochedo,MS,0,Em estudo,Campo Grande,,,,,,,
5004,?gua Preta/Inari,,5,401,4,Apurin?,Pauini,AM,"139,764",Regularizada,Rio Branco,,,9/30/1993,11/3/1997,5/17/1999,7/17/2000,
5005,?guas Belas,,6,501,5,Patax?,Prado,BA,"1,189",Regularizada,Sul da Bahia,,,5/17/1996,9/8/1998,1/11/2000,5/3/2004,
5006,Aldeia Kond?,,7,701,7,Kaingang,Chapec?,SC,"2,300",Encaminhada RI,Chapeco,,,,,,,
5007,Aldeia Lim?o Verde,,8,801,8,Guarani Kaiow?,Amambai,MS,668,Regularizada,Ponta Por?,,,,,,,
5008,Aldeia Velha,,9,901,9,Patax?,Porto Seguro,BA,"2,001",Declarada,Sul da Bahia,,6/12/2008,12/31/2010,,,,
5009,Aldeinha,,10,,,Terena,Anast?cio,MS,0,Em estudo,Campo Grande,,,,,,,
5010,Alto Rio Guam?,,11,1001,10,"Temb?, Timbira, Urubu Kaapor","Garraf?o do Norte, Nova Esperan?a do Piri?, Paragominas, Santa Luzia do Par?",PA,"279,898",Regularizada,Belem,,3/23/2005,,10/4/1993,10/17/1994,7/29/1994,
5011,Alto Rio Negro,,12,1101,11,"Arap?so, Baras?na, Bar?, Karapan?, Suri?na, Wanana","Japur?, S?o Gabriel da Cachoeira",AM,"7,999,381",Regularizada,Rio Negro,,,5/17/1996,4/14/1998,6/22/1999,7/13/2000,
5012,Alto Rio Purus,,13,1201,12,"Kaxinaw?, Kulina","Manoel Urbano, Santa Rosa do Purus",AC,"263,130",Regularizada,Rio Branco,,,10/23/1991,1/5/1996,1/17/1996,8/30/2002,
5013,Alto Sepatini,,14,1301,13,Miranha,L?brea,AM,"26,096",Regularizada,Purus,,,5/28/1992,11/3/1997,12/15/1997,3/31/1999,
5014,Alto Tarauac?,,15,1401,14,Isolados,"Feij?, Jord?o",AC,"142,619",Regularizada,Vale do Jurua,,4/18/2000,4/20/2001,10/27/2004,7/4/2007,9/29/2009,
5015,Alto Turia?u,,16,1501,15,Urubu Kaapor,"Araguan?, Centro do Guilherme, Centro Novo do Maranh?o, Maranh?ozinho, Santa Luzia do Paru?, Z? Doca",MA,"530,525",Regularizada,Imperatriz,,,,12/28/1982,3/11/1988,4/22/1983,
5016,Amambai,,17,1601,16,Guarani Kaiow?,Amambai,MS,"2,430",Regularizada,Ponta Por?,,,,10/29/1991,,1/6/1994,
5017,Amambaipegu?,,18,,,Guarani,Ponta Por?,MS,0,Em estudo,Ponta Por?,,,,,,,
5018,Amanay?,,19,,,Amanay?,Goian?sia do Par?,PA,0,Em estudo,Maraba,,,,,,,
5683,Amba Por?,,,71701,,Guarani Mbya,"Miracatu, Sete Barras",SP,0,Em Estudo,,,,,,,,
5019,Amin?,,20,,,Tupaiu,Itamarati,PA,0,Em estudo,Tapajos,,,,,,,
5020,Anac?,,21,71101,,Anas?,Caucaia e S?o Gon?alo do Amarantes,CE,0,Em estudo,Fortaleza,,,,,,,
5021,Anamb?,,22,1801,17,Anamb?,Moju,PA,"7,883",Regularizada,Macapa,,,,12/24/1991,3/20/1992,8/5/1994,
5022,Anan?s,,23,1901,18,Makuxi,Amajari,RR,"1,769",Regularizada,Boa Vista,,,,2/16/1982,11/22/1988,12/5/1995,
5023,Anaro,,24,51601,505,Wapixana,Amajari,RR,"30,474",Regularizada,Boa Vista,,11/30/2004,6/22/2006,12/21/2009,5/7/2010,,
5024,Andir?-Marau,,25,2001,19,Satere-Mawe,"Aveiro, Barreirinha, Itaituba, Mau?s, Parintins","AM, PA","788,528",Regularizada,Manaus,,,,8/6/1986,5/14/1987,9/14/1999,
5025,Aningal,,26,2101,20,Makuxi,Amajari,RR,"7,627",Regularizada,Boa Vista,,,,2/17/1982,11/22/1988,12/1/1995,
5026,Aningalzinho,,27,,,Tupaiu,Santar?m,PA,0,Em estudo,Tapajos,,,,,,,
5027,Anta,,28,2201,21,"Makuxi, Wapixana",Alto Alegre,RR,"3,174",Regularizada,Boa Vista,,,,12/24/1991,3/24/1992,11/20/1995,
5028,Apapegu?,,29,66601,,Guarani,"Amambai, Ponta Por?, ...",MS,0,Em estudo,Ponta Por?,,,,,,,
5684,Apiak? do Pontal e Isolados,,,68301,563,"Apiak?, Isolados",Apiac?s                                 ,MT,982324,Delimitada,,,,,,,,
5029,Apiaka/Kayabi,,30,2301,22,Apiak?/Kayabi,Juara,MT,"109,245",Regularizada,Juina,,,,12/24/1991,6/10/1991,11/24/1988,
5030,Apinay?,,31,2401,23,Apinay?,"Cachoeirinha, Mauril?ndia do Tocantins, S?o Bento do Tocantins, Tocantin?polis",TO,"141,904",Regularizada,Palmas,,,,11/3/1997,3/17/1998,6/27/1989,
5031,Apinay? II,,32,,,Apinay?,Tocantin?polis e Nazar?,TO,0,Em estudo,Palmas,,,,,,,
5032,Apipica,,33,2501,24,Mura,Careiro da V?rzea,AM,653,Regularizada,Manaus,,4/24/2000,4/20/2001,5/5/2003,6/30/2003,10/26/2004,
5033,Apucarana,1,34,2601,25,Kaingang,Londrina,PR,"5,574",Regularizada,Chapeco,,,,,,,
5685,Apucarana,1,,73750,,Kaingang,Tamarana,PR,0,Em Estudo,,,,,,,,
5034,Apurin? do Igarap? Mucuim,,35,52601,509,Apurin?,L?brea,AM,"73,351",Homologada,Purus,,10/22/2002,9/21/2004,12/31/2010,,,
5035,Apurin? do Igarap? S?o Jo?o,,36,2701,26,Apurin?,Tapau?,AM,"18,232",Regularizada,Purus,,11/29/1999,7/25/2000,3/12/2007,5/4/2007,6/18/2009,
5036,Apurin? Igarap? Tauamirim,,37,2801,27,Apurin?,Tapau?,AM,"96,457",Regularizada,Purus,,,,10/29/1991,5/31/1990,4/16/1996,
5037,Apurin? Km 124 BR-317,,38,2901,28,Apurin?,"Boca do Acre, L?brea",AM,"42,198",Regularizada,Rio Branco,,,,10/29/1991,12/9/1991,12/14/1999,
5038,Apyterewa,,39,3002,29,Parakan?,S?o F?lix do Xingu,PA,"773,470",Regularizada,Belem,,6/9/2003,9/21/2004,4/19/2007,5/8/2007,10/14/2008,
5039,Ara??,,40,3101,30,"Makuxi, Wapixana",Amajari,RR,"50,018",Regularizada,Boa Vista,,,,2/17/1982,11/22/1988,11/28/1995,
5686,Arac?-Padauiri,,,62101,,"Tukano, Makurap, Bar?",Barcelos                                ,AM,0,Em Estudo,,,,,,,,
5687,Ara?a'i,,,67901,,Guaran?,Piraquara                               ,PR,0,Em Estudo,,,,,,,,
5040,Araguaj?/Terra Roxa,,41,,,Guarani Nhandeva,Guaira,PR,0,Em estudo,Chapeco,,,,,,,
5041,Arandu-Mirim,,42,66401,,Guarani,Parati,RJ,0,Em estudo,Litoral Sudeste,,,,,,,
5688,Araponga,,,14002,,Guarani,Parati,RJ,0,Em Estudo,,,,,,,,
5042,Arara,,43,3201,31,Arara,"Altamira, Brasil Novo, Medicil?ndia, Uruar?",PA,"274,010",Regularizada,Belem,,,,12/24/1991,4/11/2007,6/22/1994,
5043,Arara da Volta Grande do Xingu,,44,60001,541,Arara,Senador Jos? Porf?rio,PA,"25,500",Declarada,Belem,,3/31/2006,6/30/2008,,,,
5044,Arara do Igarap? Humait?,,45,3401,33,Arara,"Porto Walter, Tarauac?",AC,"87,572",Regularizada,Vale do Jurua,,12/14/2001,12/4/2002,4/18/2006,8/2/2006,11/29/2006,
5045,Arara do Rio Amonia,,46,51801,506,Arara,Marechal Thaumaturgo,AC,"20,764",Declarada,Vale do Jurua,,9/15/2008,9/8/2009,,,,
5046,Arara do Rio Branco,,47,3301,32,Arara,Aripuan?,MT,"114,842",Regularizada,Juina,,,11/24/1992,12/26/1996,4/1/1997,2/26/1998,
5047,Ararib?,,48,3501,34,"Guarani, Terena",Ava?,SP,"1,930",Regularizada,Litoral Sudeste,,,,10/29/1991,8/22/1997,11/19/2004,
5048,Arariboia,,49,3601,35,"Guaj?, Guajajara","Amarante do Maranh?o, Arame, Bom Jesus das Selvas, Buriticupu, Graja?, Santa Luzia",MA,"413,288",Regularizada,Imperatriz,,,,1/22/1990,6/19/1990,12/12/1996,
5049,Arary,,50,3701,36,Mura,"Borba, Novo Aripuan?",AM,"40,750",Declarada,Manaus,,5/8/2008,8/19/2009,,,,
5050,Arawet? Igarap? Ipixuna,,51,3801,37,Arawet?,"Altamira, S?o F?lix do Xingu, Senador Jos? Porf?rio",PA,"940,901",Regularizada,Belem,,,12/21/1992,1/5/1996,3/4/1996,5/20/1997,
5689,Areal,,,73716,,Temb?,Santa Maria do Para,PA,0,Em Estudo,,,,,,,,
5051,Are?es,1,52,3901,38,Xavante,?gua Boa,MT,"218,515",Regularizada,Barra do Gar?as,,,,10/2/1996,10/18/1996,10/30/1997,
5690,Are?es,1,,3902,,xavante,Agua Boa,MT,0,Em Estudo,,,,,,,,
5052,Aripuan?,,53,4201,39,Cinta Larga,"Aripuan?, Ju?na",MT,"750,649",Regularizada,Juina,,,,12/24/1991,1/22/1992,1/25/1994,
5053,Ariramba,,54,4301,40,Mura,Manicor?,AM,"10,358",Regularizada,Manaus,,5/19/1998,12/11/1998,12/11/2001,10/5/2004,9/26/2006,
5054,Arroio do Conde,,55,70801,,Kaingang,Guaiba e Eldorado do Sul,rs,0,Em estudo,Litoral Sul,,,,,,,
5055,Arroio-Kor?,,56,4401,41,Guarani Kaiow?,Paranhos,MS,"7,176",Homologada,Ponta Por?,,8/17/2004,12/15/2006,12/21/2009,,,
5056,Atikum,,57,4501,42,Atikum,"Bel?m de S?o Francisco, Carnaubeira da Penha, Mirandiba, Salgueiro",PE,"16,290",Regularizada,Maceio,,,8/17/1993,1/5/1996,1/18/1996,8/27/1996,
5691,Auati-Paran? (Santa Uni?o),,,73725,,"Kokama, Miranha e Tikuna",Fonte Boa,AM,0,Em Estudo,,,,,,,,
5057,Ava-Canoeiro,,58,4602,43,Ava-Canoeiro,"Colinas do Sul, Mina?u",GO,"38,000",Declarada,Palmas,,,10/2/1996,,,,
5058,Av?-Guarani do Oco?,,59,4701,44,Guarani,S?o Miguel do Igua?u,PR,232,Encaminhada RI,Chapeco,,,,,,,
5059,Aw?,,60,4801,45,Guaj?,"Centro Novo do Maranh?o, Governador Newton Bello, S?o Jo?o do Car?, Z? Doca",MA,"116,583",Regularizada,Imperatriz,,,7/27/1992,4/19/2005,6/2/2008,9/28/2009,
5060,Bacurizinho,1,61,4901,46,Guajajara,Graja?,MA,"82,432",Regularizada,Imperatriz,,,,8/9/1983,1/27/1984,2/29/1984,
5692,Bacurizinho,1,,4902,47,Guajajara,Grajau,MA,134040,Declarada,,,,,,,,
5061,Badjonkore,,62,5001,48,Kayap?,"Cumaru do Norte, S?o F?lix do Xingu",PA,"221,982",Regularizada,Tucum?,,,4/23/2001,6/23/2003,9/2/2003,2/10/2004,
5062,Baia do Guat?,,63,5101,49,Guat?,"Bar?o de Melga?o, Pocon?",MT,"19,164",Declarada,Cuiaba,,7/16/2003,5/22/2009,,,,
5063,Baixo Grande,,64,,,Tor?,Humait?,AM,0,Em estudo,Manaus,,,,,,,
5064,Baixo Rio Negro,,65,,,"Bar?, Maku, Tukano",Barcelos,AM,0,Em estudo,Rio Negro,,,,,,,
5065,Baixo Rio Negro II,,66,,,Maku e Tukano,Santa Isabel do Rio Negro,AM,0,Em estudo,Rio Negro,,,,,,,
5693,Baixo Seruini,,,73701,,Apurin?,Pauini                                  ,AM,0,Em Estudo,,,,,,,,
5066,Baixo Tapaj?s,,67,,,"Munduruku, Tupinamb?, Cara Preta",Santar?m,PA,0,Em estudo,Tapajos,,,,,,,
5067,Baixo Tapaj?s II,,68,,,"Munduruku, Maytapu, Cara Preta",Aveiro,PA,0,Em estudo,Tapajos,,,,,,,
5068,Baixo Tapaj?s/Arapiuns,,69,,,Munduruku e Arapiun,Santar?m,PA,0,Em estudo,Tapajos,,,,,,,
5694,Baixo Tumi?,,,73736,,Apurin?,Pauini,AM,0,Em Estudo,,,,,,,,
5069,Bakairi,,70,5201,50,Bakairi,"Paranatinga, Planalto da Serra",MT,"61,405",Regularizada,Cuiaba,,,,10/29/1991,4/8/1987,5/18/1987,
5070,Balaio,,71,5301,51,"Desana, Tari?na, Tukano",S?o Gabriel da Cachoeira,AM,"257,281",Regularizada,Rio Negro,,8/22/2002,12/15/2006,12/21/2009,2/26/2010,,
5071,Banaw?,,72,5402,52,Banaw?,"Canutama, L?brea, Tapau?",AM,"192,660",Declarada,Purus,,7/31/2002,9/21/2004,,,,
5072,Bar?o de Antonina,,73,5501,53,Kaingang,S?o Jer?nimo da Serra,PR,"3,751",Regularizada,Chapeco,,,,10/29/1991,7/29/1992,7/31/1998,
5073,Barata Livramento,,74,5601,54,"Makuxi, Wapixana",Alto Alegre,RR,"12,883",Regularizada,Boa Vista,,,1/1/1982,12/10/2001,3/21/2002,6/3/2002,
5074,Barra,,75,5701,55,"Atikum, Kiriri",Muqu?m de S?o Francisco,BA,62,Regularizada,Paulo Afonso,,,,,,10/15/2002,
5075,Barra Velha,,76,5801,56,Patax?,Porto Seguro,BA,"8,627",Regularizada,Sul da Bahia,,,,12/24/1991,2/3/1992,9/27/1996,
5695,Barra Velha do Monte Pascoal,,,5802,,Patax?,Porto Seguro                            ,BA,52748,Delimitada,,,,,,,,
5076,Barreira da Miss?o,,77,5901,58,"Kamb?ba, Kokama, Tikuna",Tef?,AM,"1,772",Homologada,Alto Solim?es,,,,10/29/1991,,,
5077,Barreirinha,,78,58801,534,Amanay?,Paragominas,PA,"2,374",Regularizada,Maraba,,8/9/2002,3/9/2004,4/18/2006,7/6/2006,10/14/2008,
5078,Barro Alto,,79,52201,507,Kokama,Tonantins,AM,"1,937",Declarada,Alto Solim?es,,11/21/2006,8/14/2007,,,,
5079,Batel?o,,80,52401,508,Kayabi,"Juara, Nova Cana? do Norte, Tabapor?",MT,"117,050",Delimitada,Juina,,7/16/2003,,,,,
5080,Batovi,,81,6001,59,Waur?,Ga?cha do Norte,MT,"5,159",Regularizada,Xingu,,,10/1/1997,9/8/1998,10/7/1998,3/22/1999,
5081,Ba?,,82,6101,60,Menkrangnot?,Altamira,PA,"1,540,930",Regularizada,Tapajos,,,10/8/2003,6/19/2008,7/25/2008,10/14/2008,
5082,Betania,,83,6201,61,Tikuna,"Amatur?, Santo Ant?nio do I??, Tonantins",AM,"122,769",Regularizada,Alto Solim?es,,,11/25/1991,7/3/1995,10/10/1995,3/19/1996,
5083,Boa Vista - AM,,84,58502,531,Mura,Careiro da V?rzea,AM,337,Homologada,Manaus,,,,2/10/2003,9/9/2004,,
5084,Boa Vista - PR,,85,58601,532,Kaingang,Laranjeiras do Sul,PR,"7,336",Declarada,Chapeco,,8/12/2004,10/20/2007,,,,
5085,Boa Vista Sert?o do Promirim,,86,6301,62,Guarani,Ubatuba,SP,906,Regularizada,Litoral Sudeste,,,,9/26/2000,11/7/2000,9/9/1998,
5696,Boa Vista Sert?o do Promirim,,,6302,,Guaran?,Ubatuba                                 ,SP,5420,Delimitada,,,,,,,,
5086,Boca do Acre,,87,6401,63,Apurin?,"Boca do Acre, L?brea",AM,"26,240",Regularizada,Rio Branco,,,,10/29/1991,12/21/1990,6/15/1999,
5087,Bom Intento,,88,6501,64,Tikuna,Benjamin Constant,AM,"1,613",Regularizada,Alto Solim?es,,,,1/5/1996,1/12/1996,11/5/2004,
5088,Bom Jesus,,89,6601,65,Makuxi,Bonfim,RR,859,Regularizada,Boa Vista,,,,10/29/1991,8/23/1988,12/2/1996,
5089,Boqueir?o,,90,6701,66,"Makuxi, Wapixana",Alto Alegre,RR,"16,354",Regularizada,Boa Vista,,11/9/1998,7/25/2000,6/6/2003,3/8/2005,2/28/2008,
5697,Boqueir?o-MS,,,66501,,Guarani Kaiow?,Paranhos                                ,MS,0,Em Estudo,,,,,,,,
5090,Borari de Alter do Ch?o,,91,51901,,Borari,Santar?m,PA,0,Em estudo,Tapajos,,,,,,,
5091,Borboleta,,92,6801,,Kaingang,"Campos Borges, Espumoso, Salto do Jacu?",RS,0,Em estudo,Passo Fundo,,,,,,,
5092,Bragan?a-Marituba,,93,62501,546,Munduruku,Belterra,PA,"13,515",Delimitada,Tapajos,,10/29/2009,,,,,
5093,Brejo do Burgo,,94,6901,67,Pankarar?,"Gl?ria, Paulo Afonso, Rodelas",BA,"17,925",Regularizada,Paulo Afonso,,,5/28/1992,4/30/2001,5/21/2002,10/15/2002,
5094,Brilhantepegu?,,95,,,Guarani,"Paranhos, ...",MS,0,Em estudo,Ponta Por?,,,,,,,
5095,Brinco das Mo?as,,96,,,,Santar?m,PA,0,Em estudo,Tapajos,,,,,,,
5096,Buriti,1,97,7001,68,Terena,"Dois Irm?os do Buriti, Sidrol?ndia",MS,"2,090",Regularizada,Campo Grande,,,,10/29/1991,10/7/1992,1/12/1994,
5698,Buriti,1,,7002,69,Terena,"Dois Irm?os do Buriti, Sidrolandia",MS,17200,Declarada,,,,,,,,
5097,Buritizinho,,98,7101,70,Guarani Kaiow?,Sidrol?ndia,MS,10,Regularizada,Campo Grande,,,,5/23/1996,6/10/1996,1/20/1997,
5098,Caarap?,,99,7201,71,"Guarani Kaiow?, Guarani Nhand?va",Caarap?,MS,"3,594",Regularizada,Dourados,,,,10/29/1991,12/17/1991,1/11/1994,
5099,Cabeceira do Rio Acre,,100,7301,72,Jaminawa,"Assis Brasil, Sena Madureira",AC,"78,513",Regularizada,Rio Branco,,,,4/14/1998,6/5/1998,9/15/1999,
5100,Cacau do Tarauaca,,101,7401,73,Kulina,Envira,AM,"28,367",Regularizada,Vale do Jurua,,,,10/29/1991,10/22/1992,8/15/1997,
5101,Cachoeira dos In?cios,,102,7501,74,Guarani Mby?,Imaru?,SC,80,Encaminhada RI,Litoral Sul,,,,,,,
5102,Cachoeira Seca,,103,7601,75,Arara,"Altamira, Placas, Uruar?",PA,"734,027",Declarada,Belem,,2/27/2007,6/30/2008,,,,
5103,Cachoeirinha,1,104,7701,76,Terena,Miranda,MS,"2,658",Regularizada,Campo Grande,,,,,,,
5699,Cachoeirinha,1,,7702,77,Terena,Miranda                                 ,MS,36288,Declarada,,,,,,,,
5104,Cacique Doble,1,105,7801,78,"Guarani, Kaingang","Cacique Doble, S?o Jos? do Ouro",RS,"4,426",Regularizada,Passo Fundo,,,,3/27/1991,6/5/1991,12/29/1994,
5700,Cacique Doble,1,,7802,,"Kaingang, Guarani","Cacique Doble, S?o Jose do Ouro",RS,0,Em Estudo,,,,,,,,
5105,Cacique Fontoura,,106,58701,533,Karaj?,"Luciara, S?o F?lix do Araguaia",MT,"32,305",Declarada,Palmas,,11/13/2002,8/14/2007,,,,
5106,Cahy/Pequi,,107,,,Patax?,Prado,BA,0,Em estudo,Sul da Bahia,,,,,,,
5107,Caiapuc?,,108,55801,,Jaminawa,Boca do Acre,AM,0,Em estudo,Rio Branco,,,,,,,
5108,Cai?ara/Ilha de S?o Pedro,,109,7901,79,Xok?,Porto da Folha,SE,"4,317",Regularizada,Maceio,,,11/25/1991,12/24/1991,8/31/1992,7/13/2004,
5109,Caieiras Velha,,110,,80,"Guarani, Tupinikin",Aracruz,ES,"2,997",Regularizada,Governador Valadares,,,3/6/1998,12/11/1998,3/17/1999,4/10/2003,
5110,Caieiras Velha II,,111,59301,539,"Guarani Mby?, Tupinikin",Aracruz,ES,57,Regularizada,Governador Valadares,,7/3/2001,12/30/2002,4/19/2004,6/9/2004,5/29/2007,
5111,Caititu,,112,8101,82,Apurin?,L?brea,AM,"308,063",Regularizada,Purus,,,,10/29/1991,3/31/1989,7/29/1988,
5112,Cajueiro,,113,8201,83,Makuxi,Amajari,RR,"4,304",Regularizada,Boa Vista,,,,2/17/1982,11/22/1988,12/4/1995,
5113,Cajuhiri Atravessado,,114,8301,84,"Kamb?ba, Miranha, Tikuna",Coari,AM,"12,500",Declarada,Manaus,,10/22/2001,8/15/2008,,,,
5114,Camadeni,,115,8401,85,Jamamadi,Pauini,AM,"150,931",Regularizada,Purus,,,5/28/1992,11/3/1997,5/17/1999,1/7/2000,
5701,Cambirela,,,73401,,Guarani Mbya,Palho?a                                 ,SC,0,Em Estudo,,,,,,,,
5115,Camicua,,116,8501,86,Apurin?,Boca do Acre,AM,"58,520",Regularizada,Rio Branco,,,,12/24/1991,1/22/1992,11/24/1995,
5116,Campinas/Katukina,,117,8601,87,Katukina,"Cruzeiro do Sul, Tarauac?",AC,"32,624",Regularizada,Vale do Jurua,,,,8/12/1993,7/25/1995,9/16/1999,
5117,Cana Brava/Guajajara,,118,8701,88,Guajajara,"Barra do Corda, Graja?, Jenipapo dos Vieiras",MA,"137,330",Regularizada,Imperatriz,,,,10/29/1991,11/26/1991,12/19/1996,
5118,Canauanim,,119,8801,89,"Makuxi, Wapixana",Cant?,RR,"11,182",Regularizada,Boa Vista,,,8/16/1993,2/15/1996,4/1/2002,10/11/2004,
5119,Canoan?,,120,,,Java?,Formoso do Araguaia,TO,0,Em estudo,Palmas,,,,,,,
5120,Cantagalo,,121,8901,90,Guarani Mby?,"Porto Alegre, Viam?o",RS,284,Homologada,Litoral Sul,,5/31/2000,11/27/2003,10/11/2007,7/1/2008,,
5121,Capivara,,122,9001,,Mura,Autazes,AM,0,Em estudo,Manaus,,,,,,,
5122,Capivari,,123,9101,91,Guarani Mby?,Palmares do Sul,RS,43,Regularizada,Litoral Sul,,,8/13/1999,4/18/2001,10/11/2002,1/8/2003,
5123,Capoto/Jarina,,124,9201,92,Mentuktire,"Peixoto de Azevedo, S?o Jos? do Xingu",MT,"634,915",Regularizada,Colider,,,,1/25/1991,7/7/1987,9/23/1999,
5124,Caramuru/Paraguassu,,125,9301,93,Patax?,"Camacan, Itaju do Col?nia, Pau Brasil",BA,"54,105",Declarada,Sul da Bahia,,,,,,,
5702,Carret?o,,,73723,,Tapuia,"Nova Am?rica, Rubiataba",GO,0,Em Estudo,,,,,,,,
5125,Carret?o I,,126,9401,94,Tapuia,"Nova Am?rica, Rubiataba",GO,"1,666",Regularizada,Palmas,,,,1/15/1990,11/22/1990,10/1/1991,
5126,Carret?o II,,127,9501,95,Tapuia,Nova Am?rica,GO,78,Regularizada,Palmas,,,,1/15/1990,6/4/1990,9/18/1991,
5127,Carreteiro,1,128,9601,96,Kaingang,?gua Santa,RS,603,Regularizada,Passo Fundo,,,,3/27/1991,5/16/1991,12/29/1994,
5703,Carreteiro,1,,9602,,Kaingang,?gua Santa,RS,0,Em Estudo,,,,,,,,
5128,Caru,,129,9701,97,Guajajara,Bom Jardim,MA,"172,667",Regularizada,Imperatriz,,,,11/22/1982,3/28/1983,4/22/1983,
5129,Catipari/Mamoria,,130,9801,98,Apurin?,Pauini,AM,"115,044",Regularizada,Purus,,,5/28/1992,11/3/1997,5/17/1999,1/14/2000,
5704,Caxix?,,,60701,542,Kaxix?,"Pomp?u, Martinho Campos",MG,5411,Delimitada,,,,,,,,
5130,Cayabi,,131,,,"Apiak?/Koyabi, Kayabi, Munduruku",Jacareacanga,PA,"117,247",Regularizada,Colider,,,,11/24/1982,4/28/1983,12/12/1983,
5131,Cerco Grande,,132,67701,,Guarani,Guaraque?aba,PR,0,Em estudo,Litoral Sul,,,,,,,
5132,Cerrito,,133,9901,99,Guarani Nhand?va,Eldorado,MS,"1,951",Regularizada,Ponta Por?,,,10/23/1991,5/21/1992,,1/13/1994,
5133,Ch?o Preto,,134,10001,584,Xavante,Campin?polis,MT,"12,742",Regularizada,Barra do Gar?as,,,6/25/1998,4/30/2001,4/1/2002,5/22/2002,
5134,Ch?g'gu,,135,,,Kaingang,Novo Xingu,RS,0,Em estudo,Passo Fundo,,,,,,,
5135,Chiquitano de Baia Grande,,136,,,Xiquitano,Pontes e Lacerda,MT,0,Em estudo,Cuiaba,,,,,,,
5705,Cinta Vermelha Jundiba,,,73707,,"Patax?, Pankararu",Ara?ua?                                 ,MG,0,Encaminhada RI,,,,,,,,
5136,Coata-Laranjal,,137,10101,100,Munduruku,Borba,AM,"1,153,210",Regularizada,Manaus,,4/23/1999,10/7/1999,4/19/2004,5/26/2004,10/20/2004,
5137,Cobra Grande,,138,59401,,Arapiun,Santar?m,PA,0,Em estudo,Tapajos,,,,,,,
5138,Comboios,,139,10202,101,"Guarani, Tupinikin",Aracruz,ES,"2,984",Regularizada,Governador Valadares,,,3/6/1998,8/9/1983,3/17/1999,4/10/2003,
5706,Comexatib?,,,65101,,Patax?,Prado,BA,28.077.301,Delimitada,,,,,,,,
5139,Coroa Vermelha,1,140,10301,102,Patax?,"Porto Seguro, Santa Cruz Cabr?lia",BA,"1,494",Regularizada,Sul da Bahia,,,10/15/1997,7/9/1998,6/10/1999,6/30/1999,
5707,Coroa Vermelha,1,,10302,,Patax?,"Porto Seguro, Santa Cruz Cabr?lia                          ",BA,0,Em Estudo,,,,,,,,
5140,Coroa Vermelha - Gleba C,,141,72201,570,Pataxo,Porto Seguro e Santa Cruz de Cabralia,BA,0,Em estudo,Sul da Bahia,,,,,,,
5141,C?rrego Jo?o Pereira,,142,10401,103,Trememb?,"Acara?, Itarema",CE,"3,162",Regularizada,Fortaleza,,,4/23/2001,5/5/2003,2/24/2006,8/4/2006,
5142,Cu? Cu?/ Marabitanas,,143,59601,540,Bar?,S?o Gabriel da Cachoeira,AM,0,Em estudo,Rio Negro,,,,,,,
5143,Cuia,,144,10601,104,Mura,Autazes,AM,"1,322",Regularizada,Manaus,,,,10/29/1991,2/25/1992,6/3/1997,
5144,Cuiu-Cuiu,,145,10701,105,Miranha,Mara?,AM,"36,451",Regularizada,Alto Solim?es,,5/19/1998,11/14/1998,6/23/2003,3/11/2004,6/16/2004,
5145,Cunh?-Sapucaia,,146,10801,106,Mura,"Autazes, Borba",AM,"471,451",Regularizada,Manaus,,1/28/2002,12/4/2002,11/1/2006,3/2/2009,2/17/2010,
5146,Deni,,147,10901,107,Deni,"Itamarati, L?brea, Pauini, Tapau?",AM,"1,531,303",Regularizada,Purus,,2/19/2001,10/16/2001,10/27/2004,10/18/2006,7/19/2007,
5147,Diahui,,148,11001,108,Diahui,Humait?,AM,"47,355",Regularizada,Madeira,,4/24/2000,4/20/2001,10/27/2004,4/25/2005,6/9/2006,
5148,Dourados,,149,11101,109,"Guarani Kaiow?, Guarani Nhand?va, Terena","Dourados, Itapor?",MS,"3,475",Regularizada,Dourados,,,,,,,
5149,Dourados-Amambaipegu?,,150,67101,,Guarani,"Navira?, Dourados, Amambai.",MS,0,Em estudo,Dourados,,,,,,,
5708,Dourados-Amambaipegu? II,,,73729,,Guaran?,"Amambai, Dourados, Navira?, Caarap?, Juti, Laguna Carap?",MS,0,Em Estudo,,,,,,,,
5709,Dourados-Amambaipegu? III,,,73734,,Guaran?,"Dourados, Caarap?",MS,0,Em Estudo,,,,,,,,
5710,Dourados-Amambaipegu? IV,,,73738,,Guaran?,Dourados,MS,0,Em Estudo,,,,,,,,
5150,Enawen?-Naw?,1,151,11201,110,Enauwen?-Naw?,"Comodoro, Ju?na, Sapezal",MT,"742,089",Regularizada,Juina,,,9/13/1991,10/2/1996,3/19/1998,7/3/1998,
5711,Enawen?-Naw?,1,,11202,,Enawen?-Naw?,"Comodoro,Juina, Sapezal ",MT,0,Em Estudo,,,,,,,,
5151,Entre Serras,,152,11301,111,Pankararu,"Jatob?, Petrol?ndia, Tacaratu",PE,"7,550",Regularizada,Paulo Afonso,,8/14/2002,9/21/2004,12/19/2006,5/24/2007,,
5152,Erikpats?,,153,11401,112,Erikbakts?,Brasnorte,MT,"79,935",Regularizada,Juina,,,,12/24/1991,2/22/1985,11/18/1987,
5153,Escondido,,154,11501,113,Erikbakts?,Cotrigua?u,MT,"168,938",Regularizada,Juina,,,11/1/1996,9/8/1998,3/15/1999,7/21/1999,
5154,Escriv?o,,155,68001,,"Maytapu, Cara Preta/Munduruku",Aveiro,PA,0,Em estudo,Tapajos,,,,,,,
5155,Esp?rito Santo,,156,11601,114,Kokama,Juta?,AM,"33,849",Regularizada,Alto Solim?es,,4/14/1999,10/8/1999,4/19/2005,5/25/2005,9/13/2006,
5156,Esta??o Parecis,,157,11801,115,Paresi,Diamantino,MT,"2,170",Delimitada,Cuiaba,,9/28/2010,,,,,
5712,Estiva,,,73704,,Guaran?,Viam?o                                  ,RS,0,Em Estudo,,,,,,,,
5157,Estivadinho,,158,11901,116,Paresi,Tangar? da Serra,MT,"2,032",Regularizada,Cuiaba,,,5/28/1992,8/12/1993,9/20/1993,10/19/1994,
5158,Estrela,,159,,,Kaingang,Estrela,RS,0,Em estudo,Passo Fundo,,,,,,,
5159,Estrela da Paz,,160,12001,117,Tikuna,Juta?,AM,"12,876",Regularizada,Alto Solim?es,,,,7/3/1995,8/25/1995,7/31/1997,
5160,Eter?irebere,,161,64101,,Xavante,"Campin?polis, Novo S?o Joaquim, Santo Ant?nio do Leste",MT,0,Em estudo,Barra do Gar?as,,,,,,,
5161,?vare I,,162,12101,118,Tikuna,"Santo Ant?nio do I??, S?o Paulo de Oliven?a, Tabatinga",AM,"548,178",Regularizada,Alto Solim?es,,,10/11/1991,1/5/1996,6/20/1996,2/24/2010,
5162,?vare II,,163,12201,119,Tikuna,S?o Paulo de Oliven?a,AM,"176,206",Regularizada,Alto Solim?es,,,10/11/1991,1/5/1996,6/20/1996,3/18/1997,
5163,Faxinal,,164,12301,120,Kaingang,C?ndido de Abreu,PR,"2,044",Homologada,Chapeco,,,,10/29/1991,,,
5164,Fazenda Bahiana,,165,12401,121,Patax?,Camamu,BA,305,Homologada,Sul da Bahia,,,,12/11/1998,,,
5713,Fazenda Boa Vista - MG,,,73711,,Xucuru - Kariri,Caldas                         ,MG,101,Encaminhada RI,,,,,,,,
5165,Fazenda Canto,,166,12501,122,Xukuru Kariri,Palmeira dos ?ndios,AL,276,Encaminhada RI,Maceio,,,,,,,
5166,Fazenda Cristo Rei,,167,62201,,Pankaiuka,Jatob?,PE,0,Em estudo,Maceio,,,,,,,
5167,Fazenda Guarani,,168,12701,124,"Krenak, Patax?","Carm?sia, Senhora do Porto",MG,"3,270",Regularizada,Governador Valadares,,,,10/29/1991,6/24/1997,2/12/1998,
5714,Fazenda Jenipapeiro,,,73717,,Atikum,Santa Rita de Cassia,BA,0,Encaminhada RI,,,,,,,,
5168,Fazenda Remanso,,169,69801,566,Tuxa,Muqu?m de S?o Francisco,BA,327,Encaminhada RI,Paulo Afonso,,,,,,,
5715,Fazenda Sempre Verde,,,73742,,Pankaru,Muquem de S?o Francisco,BA,0,Encaminhada RI,,,,,,,,
5169,Fazenda S?tio,,170,69901,567,Tuxa,Banza?,BA,414,Encaminhada RI,Paulo Afonso,,,,,,,
5170,Figueiras,,171,12801,125,Paresi,"Barra do Bugres, Tangar? da Serra",MT,"9,859",Regularizada,Cuiaba,,,5/28/1992,7/3/1995,11/13/1995,3/13/1996,
5171,Fortaleza do Castanho,,172,12901,126,Mura,Manaquiri,AM,"2,756",Regularizada,Manaus,,1/21/2000,8/4/2000,5/5/2003,7/10/2003,9/25/2003,
5172,Fortaleza do Patau?,,173,13001,127,Apurin?,Manacapuru,AM,744,Regularizada,Manaus,,1/25/1999,8/13/1999,4/19/2004,10/14/2004,9/21/2006,
5173,Fulni-?,1,174,13101,128,Fulni-?,"?guas Belas, Ita?ba",PE,"11,505",Em estudo,Paulo Afonso,,,,,,,
5716,Fulni-?,1,,13102,,Fulni-?,"?guas Belas, Itaiba",PE,0,Em Estudo,,,,,,,,
5174,Funil,,175,13201,129,Xerente,Tocant?nia,TO,"15,704",Regularizada,Palmas,,,,10/29/1991,1/6/1992,1/5/1994,
5175,Galibi,,176,13301,130,Galibi,Oiapoque,AP,"6,689",Regularizada,Macapa,,,,11/22/1982,10/14/1983,12/12/1983,
5176,Garaperi/Lago da Vitoria,,177,,,Apurin?,Pauini,AM,0,Em estudo,Rio Branco,,,,,,,
5717,Garcete Ku?,,,73733,,Guaran?,Sete Quedas,MS,0,Em Estudo,,,,,,,,
5177,Gavi?o,,178,13401,131,Mura,Careiro da V?rzea,AM,"8,612",Regularizada,Manaus,,,,10/29/1991,5/6/1997,8/9/2002,
5178,Geralda Toco Preto,,179,13501,132,Timbira,"Arame, Itaipava do Graja?",MA,"18,506",Regularizada,Imperatriz,,,,5/16/1994,1/22/1996,12/12/1996,
5718,Geripanc?,,,19402,189,Jeripanc?,?gua Branca                             ,AL,200,Regularizada,,,,,,,,
5179,Governador,1,180,13601,133,"Gavi?o do Maranh?o, Guajajara",Amarante do Maranh?o,MA,"41,644",Regularizada,Imperatriz,,,,12/28/1982,3/28/1983,4/22/1983,
5719,Governador,1,,13602,,"Gavi?o Pukobi?, Tenetehara",Amarante do Maranh?o,MA,0,Em Estudo,,,,,,,,
5197,Gua-y-viri,,198,,,Guarani Kaiow?,Ponta Por?,MS,0,Em estudo,Ponta Por?,,,,,,,
5180,Guaimb?,,181,13701,134,Guarani Kaiow?,Laguna Carap?,MS,717,Regularizada,Ponta Por?,,,,4/24/1984,5/28/1984,11/7/1984,
5720,Guaivyry-Joyvy,,,66701,,Guarani Kaiow?,Ponta Por?                              ,MS,0,Em Estudo,,,,,,,,
5181,Guajah?,,182,13801,135,Apurin?,Pauini,AM,"5,037",Regularizada,Rio Branco,,,10/11/1991,12/11/1998,5/17/1999,6/19/2000,
5182,Guanabara,,183,52801,511,Kokama Tikuna,Benjamin Constant,AM,0,Em estudo,Alto Solim?es,,,,,,,
5183,Guapenu,,184,13901,,Mura,Autazes,AM,0,Em estudo,Manaus,,,,,,,
5184,Guarani Araponga,,185,14001,136,Guarani,Parati,RJ,213,Regularizada,Litoral Sudeste,,,7/14/1994,7/3/1995,3/8/1996,4/16/1996,
5185,Guarani Bar?o de Antonina,,186,,,Guarani,Bar?o de Antonina,SP,0,Em estudo,Litoral Sudeste,,,,,,,
5186,Guarani Barra do Ouro,,187,14101,137,Guarani,"Cara?, Maquin?, Riozinho",RS,"2,269",Regularizada,Litoral Sul,,,7/10/1998,4/18/2001,4/23/2002,6/4/2002,
5187,Guarani da Barragem,,188,14201,138,Guarani,S?o Paulo,SP,26,Regularizada,Litoral Sudeste,,,,7/14/1987,9/23/1987,9/9/1998,
5188,Guarani de ?guas Brancas,,189,14301,139,Guarani,Arambar?,RS,230,Declarada,Litoral Sul,,,2/13/1996,,,,
5189,Guarani de Bracui,,190,14401,140,Guarani,Angra dos Reis,RJ,"2,128",Regularizada,Litoral Sudeste,,,3/30/1994,7/3/1995,9/14/1995,9/1/1997,
5190,Guarani do Aguapeu,,191,14501,141,Guarani,Mongagu?,SP,"4,372",Regularizada,Litoral Sudeste,,,6/22/1994,9/8/1998,10/13/1998,11/19/2004,
5191,Guarani do Ara?a'i,,192,14601,142,Guarani,"Cunha Por?, Saudades",SC,"2,721",Declarada,Chapeco,,9/15/2005,4/19/2007,,,,
5192,Guarani do Ribeir?o Silveira,,193,38101,,Guarani,"Santos, S?o Sebasti?o",SP,948,Regularizada,Litoral Sudeste,,,,7/8/1987,2/4/1988,8/18/1987,
5193,Guarani Votouro,,194,14701,143,Guarani,Benjamin Constant do Sul,RS,717,Regularizada,Passo Fundo,,,,12/11/1998,2/4/1999,1/15/2001,
5194,Guarita,,195,14801,144,"Guarani, Kaingang","Erval Seco, Redentora, Tenente Portela",RS,"23,407",Regularizada,Passo Fundo,,,,4/4/1991,5/17/1991,12/29/1994,
5195,Guasuti,,196,14901,145,Guarani Kaiow?,Aral Moreira,MS,959,Regularizada,Ponta Por?,,,10/10/1991,5/21/1992,3/16/2005,11/24/2009,
5196,Guat?,,197,15001,146,Guat?,Corumb?,MS,"10,985",Regularizada,Campo Grande,,,5/17/1996,2/10/2003,12/12/2003,3/12/2004,
5198,Guyrarok?,,199,15101,147,Guarani Kaiow?,Caarap?,MS,"11,440",Declarada,Dourados,,8/12/2004,10/7/2009,,,,
5199,H?m Y?xux,,200,65701,556,Maxakali,Ladainha,MG,523,Encaminhada RI,Governador Valadares,,,,,,,
5721,Herarek? Xet?,,,50401,,Xet?,Ivat?                 ,PR,2686,Delimitada,,,,,,,,
5200,Hi Merim?,,201,15201,148,Hi Merim?,"L?brea, Tapau?",AM,"677,840",Regularizada,Purus,,3/20/2001,11/6/2001,9/22/2005,7/9/2007,1/17/2008,
5201,Hu'uhi,,202,64401,,Xavante,Paranatinga,MT,0,Em estudo,Barra do Gar?as,,,,,,,
5202,Ibirama,,203,15301,149,"Guarani, Kaingang, Xokleng","Itai?polis, Jos? Boiteux, Vitor Meireles",SC,"14,085",Regularizada,Litoral Sul,,,,2/15/1996,2/28/1996,7/3/1996,
5722,Ibirama La Klan?,,,15302,150,"Xokl?ng, Kaingang, Guarani","Doutor Pedrinho, Jose Boiteux, Vitor Meireles, Itai?polis, Rio Negrinho",SC,37108,Declarada,,,,,,,,
5203,Ibotirama,,204,15401,151,Tux?,Ibotirama,BA,"2,020",Homologada,Paulo Afonso,,,,12/24/1991,,,
5204,Icatu,,205,15501,152,"Kaingang, Terena",Bra?na,SP,301,Regularizada,Litoral Sudeste,,,,10/29/1991,8/12/2009,4/30/2009,
5205,Igarap? Capana,,206,15601,153,Jamamadi,Boca do Acre,AM,"122,556",Regularizada,Rio Branco,,,5/28/1992,11/3/1997,12/29/1997,11/10/2004,
5206,Igarap? do Caucho,,207,15701,154,Kaxinaw?,"Feij?, Tarauac?",AC,"12,318",Regularizada,Vale do Jurua,,,,10/29/1991,12/12/1991,6/25/1998,
5207,Igarap? Grande,,208,15801,155,Kamb?ba,Alvar?es,AM,"1,540",Regularizada,Alto Solim?es,,1/12/2001,2/14/2002,4/19/2004,5/14/2004,10/19/2004,
5208,Igarap? Lage,,209,16101,156,Pakaanova,"Guajar?-Mirim, Nova Mamor?",RO,"107,321",Regularizada,Guajara-Mirim,,,,9/9/1981,9/23/1981,10/9/1981,
5209,Igarap? Lourdes,,210,16201,157,Gavi?o,Ji-Paran?,RO,"185,534",Regularizada,Ji-Parana,,,,8/9/1983,1/18/1984,8/30/2002,
5210,Igarap? Paiol,,211,52901,,Apurin?,Manaquiri,AM,0,Em estudo,Manaus,,,,,,,
5211,Igarap? Preto/Pauana,,212,,,Kanamari,Carauari,AM,0,Em estudo,Alto Solim?es,,,,,,,
5212,Igarap? Ribeir?o,,213,16301,158,Pakaanova,Nova Mamor?,RO,"47,863",Regularizada,Guajara-Mirim,,,,9/9/1981,9/23/1981,10/9/1981,
5213,Igarap? Taboca do Alto Tarauac?,,214,67601,,Isolados,Jord?o,AC,0,Em estudo,Vale do Jurua,,,,,,,
5214,Igarap?-A?u,,215,,,Mura,Borba,AM,0,Em estudo,Manaus,,,,,,,
5215,Iguatemipegu?,,216,73702,581,Guarani,"Sete Quedas,Iguatemi,Amambai,Coronel Sapucaia,...",MS,0,Em estudo,Ponta Por?,,,,,,,
5723,Iguatemipegu?  III,,,73739,,Guarani Kaiow?,Tacuru,MS,0,Em Estudo,,,,,,,,
5724,Iguatemipegu? II,,,66801,,Guarani Kaiow?,"Amambai, Aral Moreira, Coronel Sapucaia, Dourados, Iguatemi, Paranhos e Tacuru",MS,0,Em Estudo,,,,,,,,
5216,Ikpeng,,217,,,Ikpeng,Ga?cha do Norte,MT,0,Em estudo,Xingu,,,,,,,
5217,Ilha da Cotinga,,218,16501,159,Guarani,Paranagu?,PR,"1,701",Regularizada,Litoral Sul,,,5/28/1992,5/16/1994,6/28/1994,1/21/1999,
5218,Ilha do Camale?o,,219,16601,160,Tikuna,Anam?,AM,237,Regularizada,Manaus,,,,7/4/1995,9/30/1996,4/2/1997,
5219,Ilha do Cardoso,,220,,,Guarani Mbya,Cananeia,SP,0,Em estudo,Litoral Sudeste,,,,,,,
5220,Ilhas da Tapera/S?o F?lix/Porto,,221,67501,562,Truk?,Oroc?,PE,0,Em estudo,Paulo Afonso,,,,,,,
5221,Imbiriba,,222,16803,161,Patax?,Porto Seguro,BA,408,Regularizada,Sul da Bahia,,7/31/2002,9/21/2004,3/12/2007,9/3/2008,,
5222,Inauini/Teuini,,223,16901,162,Jamamadi,"Boca do Acre, Pauini",AM,"468,996",Regularizada,Rio Branco,,,7/7/1992,11/3/1997,5/17/1999,6/14/2000,
5223,Inawebohona,,224,17001,163,"Av?, Java?, Karaj?","Lagoa da Confus?o, Pium",TO,"377,114",Regularizada,Palmas,,11/26/1999,4/20/2001,4/18/2006,2/21/2007,10/2/2009,
5725,Inhacora,1,,17102,,Kaingang,S?o Val?rio do Sul                      ,RS,0,Em Estudo,,,,,,,,
5224,Inhacor?,1,225,17101,164,Kaingang,S?o Val?rio do Sul,RS,"2,843",Regularizada,Passo Fundo,,,,3/27/1991,5/13/1991,12/29/1994,
5225,Ipixuna,,226,17201,165,Diahui,Humait?,AM,"215,362",Regularizada,Madeira,,,11/16/1992,11/3/1997,7/28/1998,8/24/2001,
5226,Iquirema,,227,,,Jamamadi,Boca do Acre,AM,0,Em estudo,Rio Branco,,,,,,,
5227,Irantxe,,228,17301,166,Irantxe,Brasnorte,MT,"45,556",Regularizada,Juina,,,,1/15/1990,8/4/1987,4/23/1990,
5228,Irapu?,,229,17401,168,Guarani,Ca?apava do Sul,RS,222,Delimitada,Litoral Sul,,1/26/2011,,,,,
5229,Iso?'p?,,230,64201,,Xavante,"?gua Boa, Campin?polis, Nova Xavantina",MT,0,Em estudo,Barra do Gar?as,,,,,,,
5230,Itaitinga,,231,17501,169,Mura,Autazes,AM,136,Regularizada,Manaus,,,8/16/1993,5/5/2003,9/17/2003,,
5231,Ita?ca,,232,17601,170,Guarani Mby?,Mongagu?,SP,533,Declarada,Litoral Sudeste,,,4/17/2000,,,,
5232,Itaporanga,,233,,,Nhand?va,Itaporanga,SP,0,Em estudo,Litoral Sudeste,,,,,,,
5233,Itapu?,,234,69501,,Guarani,Viam?o,RS,0,Em estudo,Litoral Sul,,,,,,,
5726,Itixi Mitari,,,45103,442,Apurin?,"Anori, Beruri, Tapau?",AM,1.821.347.746,Regularizada,,,,,,,,
5235,Ituna/Itata (interdi??o),,236,72601,574,Isolados,"Altamira, Anapu, Senador Jos? Porf?rio",PA,0,Em estudo,Belem,,,,,,,
5236,Ivai,,237,17701,171,"Kaingang, Xokleng","Manoel Ribas, Pitanga",PR,"7,306",Regularizada,Chapeco,,,,12/24/1991,4/29/1992,1/12/1999,
5237,Jabuti,,238,17801,172,"Makuxi, Wapixana",Bonfim,RR,"14,211",Regularizada,Boa Vista,,,8/16/1993,2/15/1996,6/25/2002,9/19/2002,
5238,Jacamim,,239,17901,173,"Jaricuna, Makuxi, Wapixana","Bonfim, Caracara?",RR,"193,494",Regularizada,Boa Vista,,5/26/1998,4/13/2000,6/23/2003,9/22/2003,10/6/2006,
5239,Jacar? de S?o Domingos,,240,18001,174,Potiguara,"Marca??o, Rio Tinto",PB,"5,032",Regularizada,Fortaleza,,,6/1/1992,10/1/1993,11/17/1993,1/3/1995,
5240,Jacare?ba/Katauixi,,241,65901,558,?ndios Isolados,"Canutama, L?brea",AM,0,Em estudo,Purus,,,,,,,
5241,Jaguapir?,,242,18101,175,Guarani Kaiow?,Tacuru,MS,"2,349",Regularizada,Ponta Por?,,,5/20/1992,11/23/1992,7/2/2007,9/15/2008,
5242,Jaguari,,243,18201,176,Guarani Kaiow?,Amambai,MS,405,Regularizada,Ponta Por?,,,10/10/1991,5/21/1992,6/9/1992,1/17/1994,
5727,Jaiko-Aty,,,71601,,Guarani Nhandeva,"Miracatu, Sete Barras    ",SP,0,Em Estudo,,,,,,,,
5243,Jamamadi do Lourdes,,244,,,"Apurin?, Jamamadi",Boca do Acre,AM,0,Em estudo,Rio Branco,,,,,,,
5244,Jaminaua/Envira,,245,18301,177,Kulina,Feij?,AC,"80,618",Regularizada,Vale do Jurua,,5/11/1999,4/17/2000,2/10/2003,3/25/2003,8/5/2003,
5245,Jaminawa Arara do Rio Bag?,,246,18401,178,"Arara, Jaminawa","Jord?o, Marechal Thaumaturgo",AC,"28,926",Regularizada,Vale do Jurua,,,7/30/1993,12/11/1998,3/15/1999,9/8/1999,
5246,Jaminawa da Coloca??o S?o Paulino,,247,52001,,Jaminawa,Boca do Acre,AM,0,Em estudo,Rio Branco,,,,,,,
5247,Jaminawa do Guajar?,,248,,,Jaminawa,Rodrigues Alves,AC,0,Em estudo,Rio Branco,,,,,,,
5248,Jaminawa do Igarap? Preto,,249,18501,179,Jaminawa,Rodrigues Alves,AC,"25,652",Regularizada,Vale do Jurua,,,3/2/1993,12/11/1998,1/25/1999,4/22/1999,
5249,Jaminawa do Rio Caet?,,250,60801,,Jaminawa,Sena Madureira,AC,0,Em estudo,Rio Branco,,,,,,,
5250,Japuira,,251,18601,180,Erikbakts?,Juara,MT,"152,510",Regularizada,Juina,,,,12/24/1991,9/12/1989,6/6/1994,
5251,Jaquiri,,252,18701,181,Kamb?ba,Uarini,AM,"1,820",Regularizada,Alto Solim?es,,,,10/29/1991,11/27/1991,11/20/1995,
5252,Jaragu?,1,253,18801,182,Guarani,S?o Paulo,SP,2,Regularizada,Litoral Sudeste,,,,7/14/1987,11/27/1987,9/9/1998,
5728,Jaragu?,1,,18802,183,Guaran?,"S?o Paulo, Osasco",SP,532,Declarada,,,,,,,,
5253,Jarar?,,254,18901,184,Guarani Kaiow?,Juti,MS,479,Homologada,Dourados,,,6/1/1992,8/12/1993,,,
5254,Jarawara/Jamamadi/Kanamati,,255,19001,185,"Jamamadi, Jarawara, Kanamanti","L?brea, Tapau?",AM,"390,233",Regularizada,Purus,,,11/25/1991,4/14/1998,2/9/1999,7/22/2002,
5255,Jarudore,,256,19101,186,Bororo,Poxor?o,MT,"4,706",Regularizada,Cuiaba,,,,,,5/18/1987,
5256,Jatayvari,,257,25601,250,Guarani Kaiow?,Ponta Por?,MS,"8,800",Delimitada,Ponta Por?,,9/1/2005,,,,,
5257,Jatuarana,,258,19201,187,Apurin?,Manacapuru,AM,"5,252",Regularizada,Manaus,,,,10/29/1991,2/24/2003,4/17/2003,
5258,Jauary,,259,19301,188,Mura,Autazes,AM,0,Em estudo,Manaus,,,,,,,
5729,Java?/Av? Canoeiro,,,70301,,Java?,Formoso do Araguaia e Sandolandia,TO,0,Em Estudo,,,,,,,,
5730,Jeju,,,73737,,Temb?,Santa Maria do Para,PA,0,Em Estudo,,,,,,,,
5259,Jeripanc?,,260,19401,,Pankararu,"?gua Branca, Pariconha",AL,0,Em estudo,Maceio,,,,,,,
5260,Juininha,,261,19501,190,Paresi,Conquista D'Oeste,MT,"70,538",Regularizada,Cuiaba,,,5/28/1992,10/4/1993,10/27/1993,5/3/1994,
5261,Juma,,262,19601,191,Juma,Canutama,AM,"38,351",Regularizada,Madeira,,,7/30/1993,4/19/2004,8/31/2005,9/28/2006,
5262,Jumina,,263,19701,192,"Galibi, Karipuna",Oiapoque,AP,"41,601",Regularizada,Macapa,,,,5/21/1992,9/15/1992,3/20/1995,
5731,Jurubaxi-T?a (Baixo Rio Negro II),,,67401,,"Tukano, Bar?, Baniwa, Nad?b, Pira-Tapuya, Arapaso, Tariano, Tikuna, Kuripaco e Desana","Barcelos, Santa Isabel do Rio Negro",AM,0,Em Estudo,,,,,,,,
5263,Juruna do Km 17,,264,62001,,Juruna,Vit?ria do Xingu,PA,0,Em estudo,Belem,,,,,,,
5732,Ka'aguy Guaxy-Palmital,,,65201,,Guaran?,Uni?o da Vit?ria                        ,PR,0,Em Estudo,,,,,,,,
5733,Ka'aguy Hovy,,,72001,,Guaran?,Iguape                                  ,SP,0,Em Estudo,,,,,,,,
5734,Ka'aguy Mirim,,,71501,,Guarani Mbya,"Miracatu, Sete Barras    ",SP,0,Em Estudo,,,,,,,,
5264,Ka'aguy Poty,,265,66201,,Guarani,Estrela Velha,RS,0,Em estudo,Litoral Sul,,,,,,,
5265,Kadiw?u,,266,20001,193,"Kadiw?u, Kinikin?o, Terena","Corumb?, Porto Murtinho",MS,"538,536",Regularizada,Campo Grande,,,,4/24/1984,5/22/1984,11/6/1984,
5735,Kaingang de Irai,1,,20102,,Kaingang,Ira?                                    ,RS,0,Em Estudo,,,,,,,,
5266,Kaingang de Ira?,1,267,20101,194,Kaingang,Ira?,RS,280,Regularizada,Passo Fundo,,,5/28/1992,10/4/1993,3/22/1994,4/5/1994,
5736,Kalanko,,,73201,,Kalank?,?gua Branca                             ,AL,0,Em Estudo,,,,,,,,
5267,Kambiw?,,268,20201,195,"Kambiw?, Pipipan","Floresta, Ibimirim, Inaj?",PE,"31,495",Regularizada,Maceio,,,5/17/1996,12/11/1998,8/22/2001,2/18/2002,
5268,Kampa do Igarap? Primavera,,269,20301,196,Kampa,Tarauac?,AC,"21,987",Regularizada,Vale do Jurua,,6/11/1997,6/25/1998,4/23/2001,1/2/2002,4/10/2002,
5269,Kampa do Rio Amonea,,270,20401,197,Kampa,Marechal Thaumaturgo,AC,"87,205",Regularizada,Vale do Jurua,,,11/10/1991,11/23/1992,12/29/1992,11/23/1995,
5270,Kampa e Isolados do Rio Envira,,271,20501,198,Kampa,"Feij?, Jord?o",AC,"232,795",Regularizada,Vale do Jurua,,,1/19/1998,12/11/1998,2/9/1999,9/13/1999,
5271,Kanamari do Rio Juru?,,272,20601,199,Kanamari,"Eirunep?, Itamarati, Pauini",AM,"596,434",Regularizada,Vale do Jurua,,,6/1/1992,11/3/1997,8/21/2001,4/3/2002,
5272,Kanela,,273,20701,200,Canela,"Barra do Corda, Fernando Falc?o",MA,"125,212",Regularizada,Palmas,,,,12/22/1982,3/23/1983,4/22/1983,
5737,Kanela Memortumr?,,,20702,201,Kanela,"Barra do Corda, Fernando Falc?o",MA,100221,Delimitada,,,,,,,,
5273,Kantarur?,,274,20801,202,Kantarur?,Gl?ria,BA,"1,812",Regularizada,Paulo Afonso,,,3/30/1998,9/12/2000,10/31/2000,2/15/2001,
5274,Kapinaw?,,275,20901,203,Kapinaw?,Bu?que,PE,"12,403",Regularizada,Maceio,,,5/17/1996,12/14/1998,8/27/2001,2/18/2002,
5275,Kapotnhinore,,276,64501,,Kayap?,"Santa Cruz do Xingu, S?o F?lix do Xingu, Vila Rica","MT, PA",0,Em estudo,colider,,,,,,,
5276,Karaj? de Aruan? I,,277,21001,204,Karaj?,Aruan?,GO,14,Regularizada,Palmas,,,5/17/1996,9/12/2000,5/10/2001,8/9/2001,
5277,Karaj? de Aruan? II,,278,21101,205,Karaj?,Cocalinho,MT,893,Regularizada,Palmas,,,5/17/1996,9/9/1998,9/29/1998,3/22/1999,
5278,Karaj? de Aruan? III,,279,21201,206,Karaj?,Aruan?,GO,705,Regularizada,Palmas,,,5/17/1996,9/12/2000,5/10/2001,8/7/2001,
5279,Karaj? Santana do Araguaia,1,280,21301,207,Karaj?,Santa Maria das Barreiras,PA,"1,486",Regularizada,Palmas,,,,12/24/1991,3/10/1988,3/8/1989,
5738,Karaj? Santana do Araguaia,1,,21302,,Karaj?,Santa Maria das Barreiras,PA,0,Em Estudo,,,,,,,,
5280,Karapot?,,281,21401,208,Karapot?,S?o Sebasti?o,AL,"1,243",Encaminhada RI,Maceio,,,,,,,
5281,Karara?,,282,21501,209,Karara?,Altamira,PA,"330,838",Regularizada,Belem,,,7/13/1971,4/14/1998,3/4/1999,10/6/1999,
5282,Karipuna,,283,21601,210,Karipuna,"Nova Mamor?, Porto Velho",RO,"152,930",Regularizada,Ji-Parana,,,5/17/1996,9/8/1998,10/22/1998,6/24/1999,
5283,Kariri-Xoc?,1,284,21701,211,Kariri-Xoc?,"Porto Real do Col?gio, S?o Br?s",AL,699,Regularizada,Maceio,,,11/25/1991,10/4/1993,3/17/1999,4/25/2000,
5739,Kariri-Xoc?,1,,21702,212,Kariri - Xoc?,"S?o Br?s, Porto Real do Col?gio",AL,46.948.823,Declarada,,,,,,,,
5284,Karitiana,1,285,21801,213,Karipuna,Porto Velho,RO,"89,682",Regularizada,Ji-Parana,,,,8/6/1986,12/4/1986,9/19/2002,
5740,Karitiana,1,,21802,,Karitiana,Porto Velho,RO,0,Em Estudo,,,,,,,,
5285,Karugu?,,286,73735,,Guarani,Piraquara,PR,0,Em estudo,Litoral Sul,,,,,,,
5286,Katukina/Kaxinaw?,,287,21901,214,"Katukina, Kaxinaw?",Feij?,AC,"23,474",Regularizada,Vale do Jurua,,,,10/29/1991,5/6/1997,9/8/1999,
5287,Kawahiva do Rio Pardo,,288,61401,543,Isolados,Colniza,MT,"411,848",Delimitada,Ji-Parana,,3/9/2007,,,,,
5288,Kaxarari,1,289,22001,215,Kaxarari,"L?brea, Porto Velho","AM, RO","145,890",Regularizada,Rio Branco,,,10/10/1991,8/13/1992,12/23/1988,9/20/1999,
5741,Kaxarari - AM RO,1,,73712,,Kaxarari,"Porto Velho, L?brea",AM/RO,0,Em Estudo,,,,,,,,
5289,Kaxinaw? Ashaninka do Rio Breu,,290,22101,216,"Kampa, Kaxinaw?","Jord?o, Marechal Thaumaturgo",AC,"31,278",Regularizada,Vale do Jurua,,3/28/1994,10/2/1996,4/30/2001,6/17/2002,7/19/2002,
5290,Kaxinaw? Col?nia Vinte e Sete,,291,22201,217,Kaxinaw?,Tarauac?,AC,105,Regularizada,Vale do Jurua,,,,10/29/1991,9/4/1985,4/15/1996,
5291,Kaxinaw? da Praia do Carapan?,,292,22301,218,Kaxinaw?,Tarauac?,AC,"60,699",Regularizada,Vale do Jurua,,,6/25/1998,4/30/2001,1/2/2002,6/4/2002,
5292,Kaxinaw? do Baixo Rio Jord?o,,293,22401,219,Kaxinaw?,Jord?o,AC,"8,726",Regularizada,Vale do Jurua,,,12/11/1998,4/30/2001,1/2/2002,3/14/2002,
5293,Kaxinaw? do Rio Humait?,,294,22501,220,Kaxinaw?,Feij?,AC,"127,384",Regularizada,Vale do Jurua,,,,10/29/1991,10/8/1986,11/25/1996,
5294,Kaxinaw? do Rio Jord?o,,295,22601,221,Kaxinaw?,Jord?o,AC,"87,294",Regularizada,Vale do Jurua,,,,10/29/1991,7/4/1988,4/29/1996,
5295,Kaxinaw? Nova Olinda,,296,22701,222,Kaxinaw?,Feij?,AC,"27,533",Regularizada,Vale do Jurua,,,,10/29/1991,8/1/1990,8/30/2002,
5296,Kaxinaw? Seringal Curralinho,,297,57301,,Kaxinaw?,Feij?,AC,0,Em estudo,Vale do Jurua,,,,,,,
5297,Kaxinaw? Seringal Independ?ncia,,298,22801,223,Kaxinaw?,Jord?o,AC,"11,584",Encaminhada RI,Vale do Jurua,,,,,,,
5298,Kaxix?,,299,,,Kaxix?,"Martinho Campos, Pomp?u",MG,0,Em estudo,Governador Valadares,,,,,,,
5299,Kaxuyana,,300,68101,,Kaxuyana,Oriximin?,PA,0,Em estudo,Manaus,,,,,,,
5742,Kayabi,,,22902,224,Kaiabi,Apiac?s e Jacareacanga,MT/PA,10.532.576.811,Regularizada,,,,,,,,
5300,Kayap?,,301,23001,225,Kayap?,"Bannach, Cumaru do Norte, Ouril?ndia do Norte, S?o F?lix do Xingu",PA,"3,284,005",Regularizada,Tucum?,,,,10/29/1991,6/29/2001,3/7/1989,
5301,Kiriri,,302,23101,226,Kiriri,"Banza?, Quijingue, Ribeira do Pombal, Tucano",BA,"12,300",Regularizada,Paulo Afonso,,,,1/15/1990,3/22/1990,6/14/1996,
5302,Km 43,,303,,,Munduruku,Itaituba,PA,0,Em estudo,Tapajos,,,,,,,
5303,Koatinemo,,304,23201,227,Asurin?,"Altamira, Senador Jos? Porf?rio",PA,"387,834",Regularizada,Belem,,,6/18/1993,1/5/1996,11/12/1999,9/23/2003,
5304,Kokuey,,305,,,Guarani Kaiow?,Ponta Por?,MS,0,Em estudo,Ponta Por?,,,,,,,
5305,Krah?-Kanela,,306,62301,544,Krah?-Kanela,Lagoa da Confus?o,TO,"7,613",Encaminhada RI,Palmas,,,,,,,
5306,Kraolandia,,307,23301,228,Krah?,"Goiatins, Itacaj?",TO,"302,533",Regularizada,Palmas,,,,3/7/1990,3/19/1992,6/2/1992,
5307,Krenak,,308,23401,229,Krenak,Resplendor,MG,"4,040",Regularizada,Governador Valadares,,,,4/19/2001,5/28/2001,12/18/2001,
5743,Krenak dos Sete Sal?es,,,23402,,Kren?k,"Conselheiro Pena, Itueta, Resplendor e Santa Maria do Itueto                            ",MG,0,Em Estudo,,,,,,,,
5308,Krenreh?,,309,65801,557,Krenak,Luciara,MT,"6,400",Regularizada,Palmas,,,,,,11/23/2009,
5744,Kreny?,,,73718,,Timbira e Kreny?,Barra do Corda e Vitorino Freire,MA,0,Encaminhada RI,,,,,,,,
5309,Krikati,,310,23501,230,Krikat?,"Amarante do Maranh?o, Lajeado Novo, Montes Altos, S?tio Novo",MA,"144,776",Regularizada,Imperatriz,,,7/7/1992,10/27/2004,12/9/2005,9/3/2008,
5310,Krukutu,,311,23601,231,Guarani,S?o Paulo,SP,26,Regularizada,Litoral Sudeste,,,,7/14/1987,9/23/1987,9/9/1998,
5311,Kulina do M?dio Juru?,,312,23701,233,Kulina,"Eirunep?, Envira, Ipixuna, Tarauac?","AC, AM","730,143",Regularizada,Vale do Jurua,,,6/1/1992,12/11/1998,7/25/2001,3/25/2002,
5312,Kulina do Rio Envira,,313,23801,234,"Kaxinaw?, Kulina",Feij?,AC,"84,365",Regularizada,Vale do Jurua,,,,10/29/1991,8/4/1988,12/11/1996,
5313,Kulina do Rio Uer? - Matatibem,,314,,,Kulina,Carauari,AM,0,Em estudo,Alto Solim?es,,,,,,,
5314,Kulina Igarap? do Pau,,315,23901,235,Kulina,Feij?,AC,"45,591",Regularizada,Vale do Jurua,,,8/17/1993,4/18/2001,6/6/2001,10/31/2001,
5315,Kumaru do Lago Ual?,,316,24001,236,Kulina,Juru?,AM,"80,036",Regularizada,Alto Solim?es,,9/1/2000,4/20/2001,10/27/2004,12/3/2004,3/29/2005,
5316,Kuru?ya,,317,38902,379,Kuru?ya,Altamira,PA,"166,784",Regularizada,Belem,,12/27/2001,12/30/2002,4/18/2006,8/29/2006,10/14/2008,
5317,Kwaz? do Rio S?o Pedro,,318,24101,237,"Aikan?, Kwaz?",Parecis,RO,"16,800",Regularizada,Cacoal,,,7/26/2000,2/10/2003,6/4/2003,9/24/2003,
5319,Lago Aiapua,,320,24201,238,Mura,"Anori, Beruri",AM,"24,866",Regularizada,Manaus,,,,8/12/1993,12/9/1994,11/17/1995,
5320,Lago Capan?,,321,24301,239,Mura,Manicor?,AM,"6,322",Regularizada,Manaus,,,12/11/1998,12/11/2001,11/10/2003,10/19/2004,
5321,Lago do Barrigudo,,322,51401,,Apurin?,Beruri,AM,0,Em estudo,Manaus,,,,,,,
5322,Lago do Beruri,,323,24401,240,Tikuna,Beruri,AM,"4,080",Regularizada,Manaus,,,,7/3/1995,9/22/1995,3/11/1996,
5318,Lago do Correio,,319,52701,510,"Kokama, Tikuna",Santo Ant?nio do I??,AM,"13,210",Homologada,Alto Solim?es,,7/20/2006,8/14/2007,12/21/2009,,,
5323,Lago do Lim?o,,324,24501,241,Mura,Borba,AM,0,Em estudo,Manaus,,,,,,,
5324,Lago do Marinheiro,,325,27401,266,Mura,Careiro,AM,"3,586",Declarada,Manaus,,9/1/2005,12/15/2006,,,,
5325,Lago Grande,,326,69301,,Karaj?,Santa Terezinha,MT,0,Em estudo,Palmas,,,,,,,
5326,Lago Jauari,,327,24701,242,Mura,Manicor?,AM,"12,023",Regularizada,Manaus,,5/25/1998,12/11/1998,10/27/2004,11/29/2004,2/9/2009,
5328,Lagoa Comprida,,329,24801,243,Guajajara,"Itaipava do Graja?, Jenipapo dos Vieiras",MA,"13,198",Regularizada,Imperatriz,,,,10/29/1991,11/26/1991,12/19/1996,
5329,Lagoa dos Brincos,,330,25001,245,Negorote,Comodoro,MT,"1,845",Regularizada,Cuiaba,,,6/19/1992,1/5/1996,1/18/1996,3/13/1996,
5327,Lagoa Encantada,,328,24901,244,Kanind?,Aquiraz,CE,"1,731",Declarada,Fortaleza,,8/17/2004,2/24/2011,,,,
5745,Laguna Piru,,,73730,,Guaran?,Eldorado,MS,0,Em Estudo,,,,,,,,
5330,Lalima,,331,25101,246,"Kinikin?o, Terena",Miranda,MS,"3,000",Regularizada,Campo Grande,,,,5/23/1996,7/2/1996,1/21/1997,
5746,Lalima,,,25102,,"Terena, Kinikinau",Miranda                                 ,MS,0,Em Estudo,,,,,,,,
5331,Lameir?o,,332,,,Mayoruna,Atalaia do Norte,AM,0,Em estudo,Vale do Jurua,,,,,,,
5747,Lami,,,73703,,Guaran?,Porto Alegre                            ,RS,0,Em Estudo,,,,,,,,
5748,Laranjeira Nhanderu,,,73731,,Guaran? Kaiow?,Rio Brilhante,MS,0,Em Estudo,,,,,,,,
5332,Laranjinha,,333,25301,247,"Guarani, Kaingang","Abati?, Santa Am?lia",PR,284,Regularizada,Chapeco,,,,10/2/1996,4/1/1997,7/13/1998,
5333,Las Casas,,334,56801,524,Kayap?,"Floresta do Araguaia, Pau d'Arco, Reden??o",PA,"21,345",Homologada,Maraba,,8/22/2003,11/23/2006,12/21/2009,10/15/2010,,
5334,Lauro Sodr?,,335,25401,248,Tikuna,Benjamin Constant,AM,"9,479",Regularizada,Alto Solim?es,,7/24/2001,3/1/2002,10/27/2004,5/11/2005,6/8/2006,
5335,Ligeiro,,336,25501,249,Kaingang,Charrua,RS,"4,566",Regularizada,Passo Fundo,,,,3/27/1991,5/16/1991,12/29/1994,
5336,Lim?o Verde,,337,25701,251,Terena,Aquidauana,MS,"5,377",Regularizada,Campo Grande,,,7/23/1998,2/10/2003,4/22/2003,8/13/2008,
5749,Lomba do Pinheiro,,,73705,,Guaran?,Porto Alegre                            ,RS,0,Em Estudo,,,,,,,,
5365,M'barakay,,366,,,Guarani Kaiow?,Iguatemi,MS,0,Em estudo,Ponta Por?,,,,,,,
5337,Macarr?o,,338,25901,252,Tikuna,Juta?,AM,"44,268",Regularizada,Alto Solim?es,,,,10/29/1991,11/25/1991,3/11/2002,
5338,M?e Maria,,339,26001,253,Gavi?o,Bom Jesus do Tocantins,PA,"62,488",Regularizada,Maraba,,,,8/20/1986,7/17/1985,3/7/1989,
5339,Malacacheta,,340,26101,254,Wapixana,Cant?,RR,"28,632",Regularizada,Boa Vista,,,,1/5/1996,1/19/1998,5/14/1999,
5340,Mamoadate,,341,26201,255,"Jaminawa, Machineri","Assis Brasil, Sena Madureira",AC,"313,647",Regularizada,Rio Branco,,,,10/29/1991,10/8/1987,7/2/1999,
5341,Mamori?,,342,,,Apurin?,Pauini,AM,0,Em estudo,Purus,,,,,,,
5342,Manchineri do Seringal Guanabara,,343,62701,,Machineri,"Assis Brasil, Sena Madureira",AC,0,Em estudo,Rio Branco,,,,,,,
5343,Mangueira,,344,26301,256,Makuxi,Alto Alegre,RR,"4,064",Regularizada,Boa Vista,,,,2/16/1982,11/22/1988,12/1/1995,
5344,Mangueirinha,,345,26401,257,"Guarani, Kaingang","Chopinzinho, Coronel Vivida, Mangueirinha",PR,"16,375",Regularizada,Chapeco,,,,,,,
5345,Manoa/Pium,,346,26501,258,"Makuxi, Wapixana",Bonfim,RR,"43,337",Regularizada,Boa Vista,,,,2/16/1982,11/22/1988,11/29/1995,
5750,Manoki,,,17302,167,Irantxe,Brasnorte,MT,2.505.398.293,Declarada,,,,,,,,
5346,Mapari,,347,26601,259,Cayxana,"Fonte Boa, Japur?, Tonantins",AM,"157,416",Declarada,Alto Solim?es,,3/31/2006,8/14/2007,,,,
5347,Mara? Urubaxi,,348,26701,260,"Kanamari, Mak?","Mara?, Santa Isabel do Rio Negro",AM,"94,405",Regularizada,Rio Negro,,,9/30/1993,12/11/1998,1/29/1999,7/11/2000,
5348,Maracaxi,,349,65401,554,Temb?,Aurora do Par?,PA,720,Delimitada,Belem,,1/26/2011,,,,,
5349,Marait?,,350,26801,261,Tikuna,Amatur?,AM,"53,038",Regularizada,Alto Solim?es,,3/14/2003,3/25/2004,11/1/2006,3/18/2009,4/5/2010,
5350,Maraiwatsede,,351,26901,262,Xavante,"Alto Boa Vista, Bom Jesus do Araguaia, S?o F?lix do Araguaia",MT,"165,241",Regularizada,Ribeir?o Cascalheira,,,9/30/1993,12/11/1998,4/8/1999,9/8/1999,
5351,Marajai,,352,27001,263,Mayoruna,Alvar?es,AM,"1,196",Regularizada,Alto Solim?es,,,,10/29/1991,12/5/1991,5/14/1997,
5352,Maranduba,,353,27101,264,Karaj?,"Araguacema, Santa Maria das Barreiras","PA, TO",375,Regularizada,Palmas,,9/27/2001,12/18/2002,4/19/2005,12/26/2005,10/2/2009,
5353,Marechal Rondon,,354,27201,265,Xavante,Paranatinga,MT,"98,500",Regularizada,Barra do Gar?as,,,,10/2/1996,12/16/1996,10/30/1997,
5751,Mar?,,,55101,521,Arapiun,Santar?m                                ,PA,42373,Delimitada,,,,,,,,
5354,Marrecas,,355,27501,267,Kaingang,"Guarapuava, Turvo",PR,"16,839",Encaminhada RI,Chapeco,,,,,,,
5355,Massacara,,356,27601,268,Caimb?,Euclides da Cunha,BA,"8,020",Regularizada,Paulo Afonso,,,,12/24/1991,12/23/1988,10/16/1996,
5356,Massaco,,357,27701,269,Isolados,"Alta Floresta d'Oeste, S?o Francisco do Guapor?",RO,"421,895",Regularizada,Ji-Parana,,,5/17/1996,12/11/1998,4/15/1999,9/15/1999,
5752,Massekury/K?mapa,,,61101,,"Jamamad?, Apurin?",Boca do Acre                            ,AM,0,Em Estudo,,,,,,,,
5357,Massiambu,,358,27801,,Guarani Mby?,Palho?a,SC,0,Em estudo,Litoral Sul,,,,,,,
5358,Mata da Cafurna,,359,27901,270,Xukuru Kariri,Palmeira dos ?ndios,AL,118,Encaminhada RI,Maceio,,,,,,,
5359,Mata Medonha,1,360,28001,271,Patax?,Santa Cruz Cabr?lia,BA,550,Regularizada,Sul da Bahia,,,9/30/1993,5/23/1996,2/6/1997,8/29/1997,
5753,Mata Medonha,1,,28002,,Patax?,Santa Cruz Cabr?lia                     ,BA,0,Em Estudo,,,,,,,,
5360,Matintin,,361,28101,272,Tikuna,"Santo Ant?nio do I??, Tonantins",AM,"21,761",Declarada,Alto Solim?es,,10/3/2003,9/16/2005,,,,
5361,Mato Castelhano,,362,68601,,Kaingang,Mato Castelhano,RS,0,Em estudo,Passo Fundo,,,,,,,
5362,Mato Preto,,363,53801,515,Guarani,"Erebango, Erechim, Get?lio Vargas",RS,"4,230",Delimitada,Passo Fundo,,11/20/2009,,,,,
5363,Mawetek,,364,28201,273,Kanamari,"Eirunep?, Juta?",AM,"115,493",Regularizada,Vale do Jurua,,4/27/1999,10/8/1999,4/30/2001,6/5/2002,4/29/2004,
5364,Maxacali,,365,28301,274,Maxakali,"Bert?polis, Santa Helena de Minas",MG,"5,306",Regularizada,Governador Valadares,,,8/17/1993,10/2/1996,11/13/1996,12/27/1996,
5366,Mbigua?u,1,367,28401,275,"Guarani Mby?, Guarani Nhand?va",Bigua?u,SC,59,Regularizada,Litoral Sul,,,7/26/2000,5/5/2003,8/14/2003,9/11/2003,
5754,Mbigua?u,1,,28402,,"Guarani Mbya, Guarani Nhandeva",Bigua?u                                 ,SC,0,Em Estudo,,,,,,,,
5367,M?dio Rio Negro I,,368,28501,276,"Ban?wa, Bar?, Desana, Mak?, Tari?na, Tukano","Japur?, Santa Isabel do Rio Negro, S?o Gabriel da Cachoeira",AM,"1,776,139",Regularizada,Rio Negro,,,12/13/1995,4/14/1998,11/3/1999,6/2/2000,
5368,M?dio Rio Negro II,,369,28601,277,"Ban?wa, Bar?, Desana, Mak?, Tari?na, Tukano","Santa Isabel do Rio Negro, S?o Gabriel da Cachoeira",AM,"316,195",Regularizada,Rio Negro,,,12/13/1995,4/14/1998,11/3/1999,8/1/2000,
5369,Menkragnoti,,370,28701,278,Menkrangnot?,"Altamira, Matup?, Peixoto de Azevedo, S?o F?lix do Xingu","MT, PA","4,914,255",Regularizada,Tapajos,,,11/25/1991,8/19/1993,2/9/1996,7/5/1994,
5370,Menk?,1,371,28801,279,Menku,Brasnorte,MT,"47,095",Regularizada,Juina,,,,2/11/1987,4/22/1987,8/26/1987,
5755,Menk?,1,,28802,280,Myky,Brasnorte                               ,MT,1.463.987.469,Delimitada,,,,,,,,
5371,Meria,,372,28901,281,Miranha,Alvar?es,AM,585,Regularizada,Alto Solim?es,,,,10/4/1993,11/10/1993,11/27/1995,
5372,Merure,,373,29001,282,Bororo,"Barra do Gar?as, General Carneiro",MT,"82,301",Regularizada,Cuiaba,,,,2/11/1987,3/28/1996,11/6/1987,
5373,Miguel/Josefa,,374,29101,283,Mura,Autazes,AM,"1,629",Regularizada,Manaus,,7/28/1998,7/15/1999,4/20/2001,3/19/2002,5/20/2002,
5374,Miratu,,375,29201,284,Miranha,Uarini,AM,"13,199",Regularizada,Alto Solim?es,,,,12/24/1991,1/14/1992,11/12/2004,
5375,Mirixipi,,376,,,Arapiun,Santar?m,PA,0,Em estudo,Tapajos,,,,,,,
5756,Mocaj?,,,67001,,Guaran?,"Amambai, Coronel Sapucaia, Paranhos e Tacuru",MS,0,Em Estudo,,,,,,,,
5376,Monte Caseros,1,377,29301,285,Kaingang,"Ibiraiaras, Muliterno",RS,"1,112",Regularizada,Passo Fundo,,,12/17/1996,12/11/1998,5/17/1999,7/2/1999,
5757,Monte Caseros - RS,1,,73710,,Kaingang,"Ibiraiaras, Muliterno",RS,0,Em Estudo,,,,,,,,
5377,Monte/Primavera/Goiaba,,378,,,"Apurin?, Jamamadi",Boca do Acre,AM,0,Em estudo,Rio Branco,,,,,,,
5378,Morro Alto,,379,29401,286,Guarani Mby?,S?o Francisco do Sul,SC,893,Delimitada,Litoral Sul,,5/8/2008,,,,,
5379,Morro Branco,,380,29501,287,Guajajara,Graja?,MA,48,Regularizada,Imperatriz,,,,8/9/1983,1/27/1984,2/29/1984,
5380,Morro do Coco,,381,69401,,Guarani,Viam?o,RS,0,Em estudo,Litoral Sul,,,,,,,
5381,Morro do Osso,,382,,,Kaingang,Porto Alegre,RS,0,Em estudo,Passo Fundo,,,,,,,
5382,Morro dos Cavalos,,383,29601,288,Guarani,Palho?a,SC,"1,997",Declarada,Litoral Sul,,11/17/2002,4/18/2008,,,,
5383,Moskow,,384,29701,289,Wapixana,Bonfim,RR,"14,213",Regularizada,Boa Vista,,1/6/2000,4/20/2001,5/30/2003,11/24/2004,9/26/2005,
5758,Mu? Mimatxi (Fazenda Modelo Diniz),,,73709,,Patax?,Itapecirica,MG,0,Encaminhada RI,,,,,,,,
5384,Mundo Novo/Vira??o,,385,64701,,Potiguara,"Monsenhor Tabosa, Tamboril",CE,0,Em estudo,Fortaleza,,,,,,,
5385,Mundo Verde/Cachoeirinha,,386,66001,559,Maxakali,Te?filo Otoni,MG,606,Encaminhada RI,Governador Valadares,,,,,,,
5386,Munduruku,,387,29801,290,Munduruku,Jacareacanga,PA,"2,381,796",Regularizada,Tapajos,,2/6/1998,12/11/1998,2/25/2004,4/28/2004,6/4/2004,
5387,Munduruku-Taquara,,388,58001,526,Munduruku,Belterra,PA,"25,323",Delimitada,Tapajos,,10/29/2009,,,,,
5388,Muratuba,,389,29901,,Mura,Autazes,AM,0,Em estudo,Manaus,,,,,,,
5389,Muratuba do Par?,,390,,,"Tupinamb?, Cara Preta",Santar?m,PA,0,Em estudo,Tapajos,,,,,,,
5390,Muriru,,391,30001,291,Wapixana,"Bonfim, Cant?",RR,"5,556",Regularizada,Boa Vista,,4/9/1999,4/20/2001,6/23/2003,9/13/2007,7/15/2008,
5391,Murutinga,,392,30101,292,Mura,Autazes,AM,0,Em estudo,Manaus,,,,,,,
5392,Nambikwara,,393,30201,293,Nambikwara,Comodoro,MT,"1,011,961",Regularizada,Cuiaba,,,,1/10/1990,4/10/1987,10/28/1987,
5393,?ande Ru Marangatu,,394,30301,294,Guarani Kaiow?,Ant?nio Jo?o,MS,"9,317",Homologada,Ponta Por?,,,10/30/2002,3/28/2005,,,
5394,?and?vapegu?,,395,,,Guarani,"Japor?, ...",MS,0,Em estudo,Ponta Por?,,,,,,,
5395,Natal/Felicidade,,396,30401,295,Mura,Autazes,AM,313,Regularizada,Manaus,,,,10/29/1991,2/25/1992,6/16/1997,
5396,Nau?,,397,56601,,Nau?,M?ncio Lima,AC,0,Em estudo,Vale do Jurua,,,,,,,
5397,Nhamund?/Mapuera,,398,30501,296,"Hixkaryana, Waiw?i","Faro, Nhamund?, Oriximin?, Urucar?","AM, PA","1,049,520",Regularizada,Manaus,,,,8/17/1989,7/23/1990,4/19/1996,
5398,Nioaque,,399,30601,297,Terena,Nioaque,MS,"3,029",Regularizada,Campo Grande,,,,10/29/1991,11/21/1991,1/18/1994,
5399,Nonoai,,400,30701,298,"Guarani, Kaingang","Gramado dos Loureiros, Nonoai, Planalto, Rio dos ?ndios",RS,"19,830",Declarada,Passo Fundo,,,,,,,
5400,Nonoai/Rio da V?rzea,1,401,30801,299,Kaingang,"Gramado dos Loureiros, Liberato Salzano, Nonoai, Planalto, Trindade do Sul",RS,"16,415",Regularizada,Passo Fundo,,,12/11/1998,2/10/2003,7/7/2003,9/16/2003,
5759,Nonoai/Rio da V?rzea,1,,73721,,Kaingang,"Trindade do Sul, Nonoai, Liberato Salzano, Planalto, Gramado dos Loureiros",RS,0,Em Estudo,,,,,,,,
5401,Norotsur?,,402,64301,,Xavante,"?gua Boa, Campin?polis, Nova Xavantina",MT,0,Em estudo,Barra do Gar?as,,,,,,,
5402,Nossa Senhora de F?tima,,403,30901,300,Terena,Miranda,MS,89,Encaminhada RI,Campo Grande,,,,,,,
5403,Nova Esperan?a do Rio Jandiatuba,,404,31001,301,Tikuna,"Amatur?, S?o Paulo de Oliven?a",AM,"20,004",Regularizada,Alto Solim?es,,10/6/2000,11/6/2001,10/27/2004,6/26/2006,7/24/2007,
5404,Nova Jacund?,,405,31101,302,Guarani Mby?,Rondon do Par?,PA,425,Encaminhada RI,Maraba,,,,,,,
5405,Nova Vista,,406,,,Arapiun,Santar?m,PA,0,Em estudo,Tapajos,,,,,,,
5406,Nove de Janeiro,,407,31201,303,Diahui,Humait?,AM,"228,777",Regularizada,Madeira,,,,11/3/1997,7/28/1998,9/11/2001,
5407,Nukini,,408,31301,304,Nukuini,M?ncio Lima,AC,"27,264",Regularizada,Vale do Jurua,,,,12/24/1991,5/6/1996,5/12/1997,
5408,Ofay?-Xavante,,409,31401,305,Ofay?,Brasil?ndia,MS,"1,938",Declarada,Campo Grande,,,5/28/1992,,,,
5760,Ofay?-Xavante,,,31402,587,Ofay?,Brasil?ndia                             ,MS,484,Regularizada,,,,,,,,
5409,Ouro,,410,31501,306,Makuxi,Boa Vista,RR,"13,572",Regularizada,Boa Vista,,,,2/17/1982,11/22/1988,11/29/1995,
5410,Pacaas Novas,,411,31601,307,Pakaanova,Guajar?-Mirim,RO,"279,906",Regularizada,Guajara-Mirim,,,,10/29/1991,4/3/1992,11/21/1995,
5411,Pacaj?,,412,55401,,Asurin?,Portel,PA,0,Em estudo,Maraba,,,,,,,
5412,Pacheca,,413,31701,308,Guarani,Camaqu?,RS,"1,852",Regularizada,Litoral Sul,,,5/17/1996,8/1/2000,9/19/2000,1/15/2001,
5413,Padre,,414,31901,309,Mura,Autazes,AM,798,Regularizada,Manaus,,12/21/1999,8/10/2000,5/5/2003,9/17/2003,6/21/2004,
5761,Pakurity,,,71901,,Guarani Mbya,Cananeia,SP,0,Em Estudo,,,,,,,,
5414,Palmas,,415,32002,310,Kaingang,"Abelardo Luz, Palmas","PR, SC","3,801",Homologada,Chapeco,,9/25/2002,12/23/2004,4/19/2007,8/20/2007,,
5415,Palmital,,416,,,Guarani,Uni?o da Vit?ria,PR,0,Em estudo,Chapeco,,,,,,,
5416,Panambi,,417,64801,551,Guarani Kaiow?,Douradina,MS,0,Em estudo,dourados,,,,,,,
5417,Panambizinho,,418,32101,311,Guarani Kaiow?,Dourados,MS,"1,273",Regularizada,dourados,,,12/13/1995,10/27/2004,2/2/2005,4/19/2005,
5418,Panar?,,419,32201,312,Panar?,"Altamira, Guarant? do Norte, Matup?","MT, PA","499,740",Regularizada,colider,,,11/1/1996,4/30/2001,7/3/2002,9/9/2002,
5419,Pankar? da Serra do Arapu?,,420,71001,,Pankar?,Carnaubeira da Penha,PE,0,Em estudo,Maceio,,,,,,,
5420,Pankarar?,,421,32301,313,Pankarar?,"Gl?ria, Paulo Afonso, Rodelas",BA,"29,597",Regularizada,Paulo Afonso,,,,1/5/1996,1/16/1996,6/14/1996,
5421,Pankararu,,422,32401,314,Pankararu,"Jatob?, Petrol?ndia, Tacaratu",PE,"8,377",Regularizada,Maceio,,,,7/14/1987,12/24/2007,8/31/1999,
5422,Pantale?o,,423,,,Mura,Autazes,AM,0,Em estudo,Manaus,,,,,,,
5423,Paqui?amba,1,424,32601,315,Juruna,Vit?ria do Xingu,PA,"4,348",Regularizada,Belem,,,,12/24/1991,11/12/1990,8/5/1994,
5762,Paqui?amba,1,,32602,316,Juruna,"Anapu, Senador Jose Porfirio e Vit?ria do Xingu",PA,15733,Declarada,,,,,,,,
5424,Parabubure,,425,32701,585,Xavante,"?gua Boa, Campin?polis, Nova Xavantina",MT,"224,447",Regularizada,Barra do Gar?as,,,,10/29/1991,7/19/1988,8/26/1987,
5425,Paracuhuba,,426,32801,317,Mura,Autazes,AM,928,Regularizada,Manaus,,,,10/29/1991,2/25/1992,6/6/1997,
5426,Parakan?,,427,32901,318,Parakan?,"Itupiranga, Novo Repartimento",PA,"351,697",Regularizada,Maraba,,,,10/29/1991,5/29/1987,3/7/1989,
5427,Paran? do Arauat?,,428,33001,319,Mura,Itacoatiara,AM,"5,915",Regularizada,Manaus,,,,10/27/2004,3/15/2005,9/26/2005,
5428,Parana do Boa Boa,,429,33101,320,Mak?,"Japur?, Santa Isabel do Rio Negro",AM,"240,546",Regularizada,Rio Negro,,,9/30/1993,11/3/1997,5/21/2001,2/20/2002,
5429,Parana do Paric?,,430,33201,321,Kanamari,Mara?,AM,"7,866",Regularizada,Alto Solim?es,,,8/16/1993,9/8/1998,9/25/2000,4/25/2001,
5430,Parati-Mirim,,431,33301,322,Guarani,Parati,RJ,79,Regularizada,Litoral Sudeste,,,6/30/1994,1/5/1996,3/8/1996,4/16/1996,
5763,Parati-Mirim,,,33302,,Guarani,Parati,RJ,0,Em Estudo,,,,,,,,
5431,Paresi,,432,33401,323,Paresi,Tangar? da Serra,MT,"563,587",Regularizada,Cuiaba,,,,10/29/1991,2/20/1987,5/18/1987,
5432,Parque do Araguaia,,433,33501,324,Av?,"Formoso do Araguaia, Lagoa da Confus?o, Pium",TO,"1,358,499",Regularizada,Palmas,,,,4/14/1998,9/22/1998,10/31/2001,
5433,Parque do Aripuan?,,434,33601,325,Cinta Larga,"Ju?na, Vilhena","MT, RO","1,603,245",Regularizada,Cacoal,,,,11/20/1989,9/22/1988,7/29/1988,
5434,Parque do Tumucumaque,,435,33701,326,"Apala?, Wayana","Alenquer, Almeirim, Laranjal do Jari, ?bidos, Oriximin?","AP, PA","3,071,068",Regularizada,Macapa,,,7/16/1968,11/3/1997,8/18/1998,6/30/1980,
5435,Parque do Xingu,,436,33801,327,"Mentuktire, Suy?","Canarana, Feliz Natal, Ga?cha do Norte, Marcel?ndia, Nova Ubirat?, Paranatinga, Quer?ncia, S?o F?lix do Araguaia, S?o Jos? do Xingu",MT,"2,642,004",Regularizada,Xingu,,,,1/25/1991,11/5/1987,5/18/1987,
5436,Passo Grande,,437,70901,,Guarani,Barra do Ribeiro,RS,0,Em estudo,Litoral Sul,,,,,,,
5437,Passo Grande do Rio Forquilha,,438,65301,553,Kaingang,"Cacique Doble, Sananduva",RS,"1,916",Delimitada,Passo Fundo,,8/13/2008,,,,,
5438,Patau?,,439,33901,328,Mura,Autazes,AM,616,Regularizada,Manaus,,4/24/2000,4/20/2001,5/5/2003,9/17/2003,10/29/2004,
5439,Pau Brasil,,440,,329,"Guarani, Tupinikin",Aracruz,ES,"1,579",Regularizada,Governador Valadares,,,3/6/1998,9/5/1983,3/17/1999,4/10/2003,
5440,Paukalirajausu,,441,42101,330,Nambikwara,"Nova Lacerda, Vila Bela da Sant?ssima Trindade",MT,"8,400",Delimitada,Cuiaba,,9/27/2010,,,,,
5441,Paumari do Cuniua,,442,34201,331,Paumari,Tapau?,AM,"42,828",Regularizada,Purus,,,11/16/1992,11/3/1997,12/31/1997,4/6/1999,
5442,Paumari do Lago Manissu?,,443,34302,332,Paumari,Tapau?,AM,"22,970",Regularizada,Purus,,,,5/5/2003,10/2/2003,11/18/2004,
5443,Paumari do Lago Marah?,,444,34401,333,"Apurin?, Paumari",L?brea,AM,"118,767",Regularizada,Purus,,,,2/10/2003,4/15/2003,8/29/2003,
5444,Paumari do Lago Paric?,,445,34501,334,Paumari,Tapau?,AM,"15,792",Regularizada,Purus,,,6/23/1989,9/8/1998,1/18/1999,4/5/1999,
5445,Paumari do Rio Ituxi,,446,34601,335,Paumari,L?brea,AM,"7,572",Regularizada,Purus,,,10/11/1991,12/11/1998,2/4/1999,4/7/1999,
5764,Peguaoty,,,71801,,Guarani Mbya,"Miracatu , Sete Barras",SP,0,Em Estudo,,,,,,,,
5446,Peneri/Tacaquiri,,447,34701,336,Apurin?,Pauini,AM,"189,871",Regularizada,Rio Branco,,,5/28/1992,11/3/1997,5/17/1999,1/4/2000,
5447,Pequizal,,448,34801,337,Nambikwara,Nova Lacerda,MT,"9,887",Regularizada,Cuiaba,,,6/19/1992,1/5/1996,1/18/1996,3/13/1996,
5448,Pequizal do Naruv?tu,,449,55201,522,Naravute,"Canarana, Ga?cha do Norte",MT,"27,980",Declarada,Xingu,,1/11/2006,6/4/2009,,,,
5449,Perigara,,450,34901,338,Bororo,Bar?o de Melga?o,MT,"10,740",Regularizada,Cuiaba,,,,12/24/1991,2/17/1992,2/2/1994,
5450,Peru?be,,451,35001,339,Guarani,Peru?be,SP,480,Regularizada,Litoral Sudeste,,,,5/16/1994,6/22/1994,,
5451,Petim/Arasaty,,452,70701,,Guarani,GUAIBA,RS,0,Em estudo,Litoral Sul,,,,,,,
5452,Pia?aguera,,453,35101,340,Guarani Nhand?va,Peru?be,SP,"2,795",Delimitada,Litoral Sudeste,,4/23/2009,,,,,
5453,Pilad Rebu?,1,454,35201,341,Terena,Miranda,MS,208,Regularizada,Campo Grande,,,,10/29/1991,6/21/2001,12/28/1993,
5765,Pilad Rebu?,1,,35202,,Terena,Miranda                                 ,MS,0,Em Estudo,,,,,,,,
5454,Pimental,,455,,,Munduruku,"Itaituba, Trair?o",PA,0,Em estudo,Tapajos,,,,,,,
5455,Pimentel Barbosa,,456,35301,342,Xavante,"Canarana, Ribeir?o Cascalheira",MT,"328,966",Regularizada,Barra do Gar?as,,,,8/20/1986,5/5/1994,6/17/1994,
5456,Pinatuba,,457,35401,343,Mura,Manicor?,AM,"29,565",Regularizada,Manaus,,6/8/1998,12/11/1998,12/11/2001,7/25/2005,7/17/2006,
5457,Pindoty,,458,44301,433,Guarani Mby?,"Araquari, Balne?rio Barra do Sul",SC,"3,294",Delimitada,Litoral Sul,,5/8/2008,,,,,
5766,Pinhal,,,35501,344,Kaingang,Seara,SC,8.800.761,Regularizada,,,,,,,,
5458,Pinhalzinho,,459,35601,346,Guarani,Tomazina,PR,593,Encaminhada RI,Chapeco,,,,,,,
5459,Pipip?,,460,62801,,Pipipan,Floresta,PE,0,Em estudo,Paulo Afonso,,,,,,,
5460,Pirah?,,461,35701,347,"Mura, Pirah?",Humait?,AM,"346,911",Regularizada,Madeira,,,7/27/1992,11/4/1997,7/29/1998,9/11/2001,
5461,Pirai,,462,35801,348,Guarani Mby?,Araquari,SC,"3,017",Delimitada,Litoral Sul,,5/8/2008,,,,,
5462,Piraju?,,463,35901,349,Guarani Nhand?va,Paranhos,MS,"2,118",Regularizada,Ponta Por?,,,,8/6/1986,9/30/1991,3/10/1992,
5463,Pirakua,,464,36001,350,Guarani Kaiow?,"Bela Vista, Ponta Por?",MS,"2,384",Regularizada,Ponta Por?,,,6/1/1992,8/13/1992,4/22/1993,12/23/1993,
5464,Pirineus de Souza,,465,36101,351,Nambikwara,Comodoro,MT,"28,212",Regularizada,Cuiaba,,,,4/24/1984,8/6/1984,5/16/1985,
5465,Piripkura ( Interdi??o ),,466,66901,561,Isolados,"Colniza, Rondol?ndia",MT,0,Em estudo,Ji-Parana,,,,,,,
5767,Pirititi (restri??o de uso),,,73708,582,Isolados,Rorain?polis                            ,RR,43404,Em Estudo,,,,,,,,
5466,Pitaguary,,467,36201,352,Pitaguari,"Maracana?, Pacatuba",CE,"1,728",Declarada,Fortaleza,,7/4/2000,12/15/2006,,,,
5467,Pium,,468,36301,353,Wapixana,Alto Alegre,RR,"4,608",Regularizada,Boa Vista,,,,10/29/1991,1/2/1992,11/24/1995,
5468,Ponciano,,469,53201,512,Mura,"Autazes, Careiro da V?rzea",AM,0,Em estudo,Manaus,,,,,,,
5469,Ponta da Formiga,,470,69601,,Guarani,Barra do Ribeiro,RS,0,Em estudo,Litoral Sul,,,,,,,
5470,Ponta da Serra,,471,36401,354,Makuxi,Boa Vista,RR,"15,597",Regularizada,Boa Vista,,,,2/17/1982,11/22/1988,11/30/1995,
5471,Pontal dos Apiak?,,472,,,Apiak? e Isolados,Apiac?s,MT,0,Em estudo,colider,,,,,,,
5472,Ponte de Pedra,,473,36501,355,Paresi,"Campo Novo do Parecis, Diamantino, Nova Maring?",MT,"17,000",Declarada,Cuiaba,,6/22/2006,9/27/2010,,,,
5473,Porquinhos,,474,36601,356,Canela,"Barra do Corda, Fernando Falc?o",MA,"79,520",Regularizada,Palmas,,,,8/10/1983,4/10/1984,5/18/1984,
5768,Porquinhos dos Kanela Ap?njekra,,,36602,357,Kanela,"Barra do Corda, Fernando Falc?o, Mirador e Formosa da Serra Negra",MA,301000,Declarada,,,,,,,,
5474,Portal do Encantado,,475,57001,536,Xiquitano,"Pontes e Lacerda, Porto Esperidi?o, Vila Bela da Sant?ssima Trindade",MT,"43,057",Declarada,Cuiaba,,9/1/2005,12/30/2010,,,,
5475,Porto Limoeiro,,476,57101,525,Tikuna,Santo Ant?nio do I??,AM,"5,000",Declarada,Alto Solim?es,,7/20/2006,12/14/2007,,,,
5476,Porto Lindo,,477,36701,358,Guarani Nhand?va,Japor?,MS,"1,649",Regularizada,Ponta Por?,,,,10/29/1991,7/12/1993,1/4/1994,
5477,Porto Praia,,478,36801,360,Tikuna,Uarini,AM,"4,770",Regularizada,Alto Solim?es,,1/12/2001,11/6/2001,4/19/2004,5/14/2004,10/26/2004,
5478,Porto Reden??o,,479,,,Tikuna,S?o Paulo de Oliven?a,AM,0,Em estudo,Alto Solim?es,,,,,,,
5479,Potiguara,,480,36901,361,Potiguara,"Ba?a da Trai??o, Marca??o, Rio Tinto",PB,"21,238",Regularizada,Fortaleza,,,,10/29/1991,6/10/1987,2/7/1995,
5480,Potiguara de Monte-Mor,,481,37001,362,Potiguara,"Marca??o, Rio Tinto",PB,"7,487",Declarada,Fortaleza,,5/19/2004,12/14/2007,,,,
5769,Potrerito,,,73732,,Guaran?,"Paranhos, Tacuru e Sete Quedas",MS,0,Em Estudo,,,,,,,,
5481,Potrero Gua?u,,482,37101,363,Guarani Nhand?va,Paranhos,MS,"4,025",Declarada,Ponta Por?,,,4/17/2000,,,,
5482,Poyanawa,,483,37201,364,Poyanawa,M?ncio Lima,AC,"24,499",Regularizada,Vale do Jurua,,,3/2/1993,4/30/2001,6/4/2002,8/14/2002,
5483,Praia do ?ndio,,484,37301,365,Munduruku,Itaituba,PA,32,Encaminhada RI,Tapajos,,,,,,,
5484,Praia do Mangue,,485,37401,366,Munduruku,Itaituba,PA,32,Encaminhada RI,Tapajos,,,,,,,
5485,Prosperidade,,486,53401,513,Kokama,Tonantins,AM,"5,573",Homologada,Alto Solim?es,,11/21/2006,8/14/2007,12/21/2009,,,
5486,Purubor?,,487,65501,,Purubor?,"S?o Francisco do Guapor?, Seringueiras",RO,0,Em estudo,Ji-Parana,,,,,,,
5770,Pyhau,,,69201,,Guaran?,Bar?o de Antonina                       ,SP,0,Em Estudo,,,,,,,,
5487,Queimadas,,488,37501,367,Kaingang,Ortigueira,PR,"3,078",Regularizada,Chapeco,,,,5/23/1996,6/19/1996,7/31/1991,
5488,Quixaba,,489,37601,368,Xukuru Kariri,Gl?ria,BA,28,Encaminhada RI,Paulo Afonso,,,,,,,
5489,Raimund?o,,490,37701,369,"Makuxi, Wapixana",Alto Alegre,RR,"4,277",Regularizada,Boa Vista,,,5/17/1996,11/3/1997,1/19/1998,5/29/1998,
5490,Rancho Jacar?,,491,37801,370,Guarani Kaiow?,Laguna Carap?,MS,778,Regularizada,Ponta Por?,,,,3/8/1984,5/28/1984,12/7/1984,
5491,Raposa Serra do Sol,,492,37901,371,"Taurepang,Makuxi,Ingarik?,Patamona,Wapixana","Normandia, Pacaraima, Uiramut?",RR,"1,747,465",Regularizada,Boa Vista,,,4/13/2005,4/15/2005,8/12/2005,9/12/2006,
5492,Recreio/S?o F?lix,,493,38001,372,Mura,Autazes,AM,251,Regularizada,Manaus,,,,10/29/1991,2/25/1992,11/22/1995,
5493,Reta/Tapera,,494,,,Guarani Mbya,S?o Francisco do Sul,SC,0,Em estudo,Litoral Sul,,,,,,,
5494,RI Aguas Claras,,495,72801,576,Guarani Mbya,Major Grecino,SC,0,Em estudo,Litoral Sul,,,,,,,
5495,RI Amaral,,496,72901,577,Guarani Mbya,Bigua?u,SC,0,Em estudo,Litoral Sul,,,,,,,
5496,RI Campo Bonito,,497,72301,571,Guarani Mbya,Torres,RS,0,Em estudo,Litoral Sul,,,,,,,
5497,RI Canelinha,,498,72701,575,Guarani Nbya,Canelinha,SC,0,Em estudo,Litoral Sul,,,,,,,
5498,RI Estrada do Mar,,499,72401,572,Guarani Mbya,Osorio,RS,0,Em estudo,Litoral Sul,,,,,,,
5499,RI Morro da Palha,,500,73001,578,Guarani Mbya,Bigua?u,SC,0,Em estudo,Litoral Sul,,,,,,,
5500,RI Riozinho,,501,72501,,Guarani Mbya,Riozinho,RS,0,Em estudo,Litoral Sul,,,,,,,
5771,Ribeir?o Silveira,,,38102,373,"Bertioga, Sales?polis, S?o Sebasti?o",Guarani,SP,84.689.333,Declarada,,,,,,,,
5501,Rio Apaporis,,502,38201,374,"Desana, Mak?, Tukano, Tuy?ka",Japur?,AM,"106,960",Regularizada,Rio Negro,,,5/17/1996,4/14/1998,6/22/1999,2/11/2000,
5502,Rio Areia,,503,38301,375,Guarani,In?cio Martins,PR,"1,352",Regularizada,Chapeco,,,5/17/1996,4/14/1998,7/28/1998,3/2/1999,
5503,Rio Arraias/BR 080,,504,38401,,Kayabi,Marcel?ndia,MT,0,Em estudo,colider,,,,,,,
5504,Rio Bi?,,505,38501,376,Katukina,"Carauari, Juta?",AM,"1,185,792",Regularizada,Alto Solim?es,,,7/30/1993,11/3/1997,1/12/1998,9/11/2006,
5505,Rio Branco,,506,38601,377,"Makur?p, Tupari","Alta Floresta d'Oeste, S?o Francisco do Guapor?, S?o Miguel do Guapor?",RO,"236,137",Regularizada,Ji-Parana,,,,8/6/1986,11/10/1986,9/19/2002,
5506,Rio Branco Itanha?m,,507,38701,378,Guarani,"Itanha?m, S?o Paulo, S?o Vicente",SP,"2,856",Regularizada,Litoral Sudeste,,,,7/14/1987,2/29/1988,9/9/1998,
5507,Rio Branquinho,,508,,,Guarani Mbya,Canan?ia,SP,0,Em estudo,Litoral Sudeste,,,,,,,
5772,Rio Capivari - Por?i,,,73706,,Guaran?,Capivari do Sul                         ,RS,0,Em Estudo,,,,,,,,
5773,Rio Caut?rio,,,73715,,"Kano?, Kujubim, Djeoromtxi-Jabuti","Costa Marques, Guajara-Mirim",RO,0,Em Estudo,,,,,,,,
5508,Rio Cuieras,,509,,,"Baniwa, Bar?, Desano, Tukano",Manaus e Novo Air?o,AM,0,Em estudo,Manaus,,,,,,,
5509,Rio das Cobras,,510,39001,380,"Guarani, Kaingang","Espig?o Alto do Igua?u, Nova Laranjeiras",PR,"18,681",Regularizada,Chapeco,,,,10/29/1991,2/29/1984,2/19/1999,
5510,Rio dos ?ndios,,511,39101,381,Kaingang,Vicente Dutra,RS,712,Declarada,Passo Fundo,,4/7/2003,12/23/2004,,,,
5511,Rio dos Pardos,,512,39201,382,Xokleng,Porto Uni?o,SC,758,Regularizada,Chapeco,,,8/17/1993,9/12/2000,10/29/2001,10/14/2002,
5512,Rio Formoso,,513,39301,383,Paresi,Tangar? da Serra,MT,"19,749",Regularizada,Cuiaba,,,,12/24/1991,10/3/1988,12/12/1988,
5513,Rio Greg?rio,1,514,39401,384,"Katukina, Yawanaw?",Tarauac?,AC,"92,860",Regularizada,Vale do Jurua,,,,10/29/1991,9/3/1985,7/4/2002,
5774,Rio Greg?rio,1,,39402,385,"Katukina, Yawanawa",Tarauac?                                ,AC,1.871.252.158,Declarada,,,,,,,,
5514,Rio Guapor?,,515,39501,386,"Jabuti, Makur?p",Guajar?-Mirim,RO,"115,788",Regularizada,Guajara-Mirim,,,4/29/1993,5/23/1996,6/20/1996,5/22/1997,
5515,Rio Jumas,,516,39601,387,Mura,Careiro,AM,"9,463",Regularizada,Manaus,,8/20/1999,4/17/2000,10/27/2004,12/7/2004,7/13/2007,
5516,Rio Manicor?,,517,39701,388,Mura,Manicor?,AM,"19,481",Regularizada,Manaus,,5/19/1998,12/11/1998,12/11/2001,12/12/2005,1/8/2007,
5517,Rio Mar?,,518,,,Arapiun,Santar?m,PA,0,Em estudo,Tapajos,,,,,,,
5518,Rio Mequens,,519,39801,389,Sakiriabar,Alto Alegre do Parecis,RO,"107,553",Regularizada,Cacoal,,,5/28/1992,5/23/1996,7/12/1996,5/26/1997,
5519,Rio Negro Ocaia,1,520,40001,391,Pakaanova,Guajar?-Mirim,RO,"235,070",Declarada,Guajara-Mirim,,,2/24/2011,9/9/1981,9/23/1981,10/9/1981,
5775,Rio Negro Ocaia,1,,40002,390,Pakaa Nova ,Guajar?-Mirim                           ,RO,235070,Declarada,,,,,,,,
5520,Rio Omer?,,521,40101,392,"Akunt?s?, Cano?","Chupinguaia, Corumbiara",RO,"26,177",Homologada,Ji-Parana,,1/28/2002,12/18/2002,4/18/2006,7/18/2007,,
5521,Rio Paru D'Este,,522,40201,393,"Apala?, Wayana","Alenquer, Almeirim, Monte Alegre",PA,"1,195,786",Regularizada,Macapa,,,8/18/1993,11/3/1997,8/18/1998,11/17/1998,
5522,Rio Pequeno,,523,,,Guarani,Parati,RJ,0,Em estudo,Litoral Sudeste,,,,,,,
5523,Rio Pindar?,,524,40301,394,Guajajara,Bom Jardim,MA,"15,002",Regularizada,Imperatriz,,,,11/22/1982,3/28/1983,4/22/1983,
5524,Rio T?a,,525,40401,395,"Bar?, Desana, Mak?, Pira-tap?ya, Tukano","Santa Isabel do Rio Negro, S?o Gabriel da Cachoeira",AM,"411,865",Regularizada,Rio Negro,,,2/13/1996,4/14/1998,11/3/1999,7/27/2000,
5525,Rio Urubu,,526,40501,396,Mura,Itacoatiara,AM,"27,355",Regularizada,Manaus,,11/20/1998,4/17/2000,10/27/2004,3/15/2005,9/26/2005,
5526,Riozinho,,527,53501,573,"Kokama, Tikuna","Juru?, Juta?",AM,0,Em estudo,Alto Solim?es,,,,,,,
5527,Riozinho do Alto Envira,,528,51301,503,Isolados,"Feij?, Santa Rosa do Purus",AC,"260,970",Declarada,Vale do Jurua,,9/1/2005,4/19/2007,,,,
5528,Rodeador,,529,40601,397,Guajajara,Barra do Corda,MA,"2,319",Encaminhada RI,Imperatriz,,,,,,,
5529,Roosevelt,,530,40701,398,Cinta Larga,"Aripuan?, Espig?o d'Oeste, Pimenta Bueno","MT, RO","230,826",Regularizada,Cacoal,,,,10/29/1991,1/24/1992,2/21/2000,
5776,Roro-Walu (Jatob?/Ikpeng),,,65001,,Ikpeng,Paranatinga,MT,0,Em Estudo,,,,,,,,
5530,Sagarana,,531,40801,399,Pakaanova,Guajar?-Mirim,RO,"18,120",Regularizada,Guajara-Mirim,,,7/30/1993,5/23/1996,6/7/1996,10/16/2002,
5777,Sagi/Trabanda,,,73726,,Potiguara,Baia Formosa,RN,0,Em Estudo,,,,,,,,
5531,Sai-Cinza,,532,40901,400,Munduruku,Jacareacanga,PA,"125,552",Regularizada,Tapajos,,,,12/24/1991,1/10/1990,3/7/1989,
5532,S?ko?/Santa Vit?ria,,533,,,Apurin?,Pauini,AM,0,Em estudo,Rio Branco,,,,,,,
5533,Salto Grande do Jacu?,,534,41001,401,Guarani,Salto do Jacu?,RS,235,Regularizada,Litoral Sul,,,2/13/1996,12/11/1998,1/21/1999,11/20/2002,
5534,Sambaqui,,535,67801,,Guarani,Pontal do Paran?,PR,0,Em estudo,Litoral Sul,,,,,,,
5535,Sangradouro/Volta Grande,1,536,41101,402,"Bororo, Xavante","General Carneiro, Novo S?o Joaquim, Poxor?o",MT,"100,280",Regularizada,Barra do Gar?as,,,,10/29/1991,9/21/1993,9/19/1996,
5778,Sangradouro/Volta Grande,1,,41102,,"Xavante, Bororo","Novo S?o Joaquim, General Carneiro, Poxor?o",MT,0,Em Estudo,,,,,,,,
5536,Santa Cruz da Nova Alian?a,,537,53601,514,Kokama,Tonantins,AM,"5,969",Declarada,Alto Solim?es,,11/21/2006,8/14/2007,,,,
5537,Santa Inez,,538,41201,403,Makuxi,Amajari,RR,"29,698",Regularizada,Boa Vista,,,,2/16/1982,11/22/1988,11/30/1995,
5538,Santana,,539,41301,404,Bakairi,Nobres,MT,"35,470",Regularizada,Cuiaba,,,,9/14/1989,4/8/1991,6/26/1991,
5539,S?o Domingos - MT,1,540,58301,529,Karaj?,Luciara,MT,"5,705",Regularizada,Palmas,,,,12/24/1991,11/7/1997,2/26/1998,
5779,S?o Domingos - MT,1,,58302,,Karaja,"Luciara, S?o Felix do Araguaia",MT,0,Em Estudo,,,,,,,,
5540,S?o Domingos do Jacapari e Esta??o,,541,58201,528,Kokama,"Juta?, Tonantins",AM,"134,782",Homologada,Alto Solim?es,,7/9/2003,9/16/2005,12/21/2009,,,
5541,S?o Francisco,,542,,,Tikuna,Manacapuru,AM,0,Em estudo,Manaus,,,,,,,
5542,S?o Francisco do Canimari,,543,41501,405,Tikuna,Amatur?,AM,"3,331",Regularizada,Alto Solim?es,,9/4/2001,12/30/2002,11/1/2006,3/18/2009,,
5543,S?o Gabriel/S?o Salvador,,544,57201,,Kokama,Santo Ant?nio do I??,AM,0,Em estudo,Alto Solim?es,,,,,,,
5544,S?o Jeronimo,,545,41601,406,"Guarani, Kaingang, Xet?",S?o Jer?nimo da Serra,PR,"1,339",Regularizada,Chapeco,,,10/29/1991,10/30/1991,7/29/1992,7/31/1998,
5545,S?o Jo?o,,546,,,Arapiun,Santar?m,PA,0,Em estudo,Tapajos,,,,,,,
5546,S?o Leopoldo,,547,41701,407,Tikuna,Benjamin Constant,AM,"69,271",Regularizada,Alto Solim?es,,,,8/12/1993,5/26/1989,10/2/2002,
5547,S?o Luiz do Tapaj?s,,548,,,Munduruku,Itaituba,PA,0,Em estudo,Tapajos,,,,,,,
5548,S?o Marcos - MT,,549,58101,527,Xavante,Barra do Gar?as,MT,"188,478",Regularizada,Barra do Gar?as,,,,,,6/10/1994,
5549,S?o Marcos - RR,,550,58401,530,"Makuxi, Wapixana","Boa Vista, Pacaraima",RR,"654,110",Regularizada,Boa Vista,,,,10/30/1991,4/1/2002,9/27/2002,
5550,S?o Pedro,,551,41801,408,Mura,Autazes,AM,726,Regularizada,Manaus,,,,1/5/1996,12/14/1987,9/14/1999,
5551,S?o Pedro do Sepatini,,552,41901,409,Apurin?,L?brea,AM,"27,644",Regularizada,Purus,,,5/28/1992,11/3/1997,12/15/1997,3/31/1999,
5552,S?o Sebasti?o,,553,42001,410,Cayxana e Kokama,Tonantins,AM,"61,059",Homologada,Alto Solim?es,,2/11/2000,4/20/2001,4/19/2005,,,
5553,S?o Sebasti?o Meneroazinho,,554,,,Kanamari,Juru?,AM,0,Em estudo,Alto Solim?es,,,,,,,
5554,Sapotal,,555,51501,504,Kokama,Tabatinga,AM,"1,264",Declarada,Alto Solim?es,,4/4/2005,12/15/2006,,,,
5555,Sarar?,,556,34101,411,Manairisu,"Conquista D'Oeste, Nova Lacerda, Vila Bela da Sant?ssima Trindade",MT,"67,419",Regularizada,Cuiaba,,,,4/29/1985,8/19/1985,8/26/1987,
5556,Sarau?,,557,58901,535,Amanay?,Ipixuna do Par?,PA,"18,610",Declarada,Maraba,,6/5/2002,4/18/2008,,,,
5557,Sassor?,,558,42201,412,Guarani Kaiow?,Tacuru,MS,"1,923",Regularizada,Ponta Por?,,,,,,,
5780,Sawr? Apompu (Km 43),,,73727,,Munduruk?,Itaituba e Trair?o,PA,0,Em Estudo,,,,,,,,
5781,Sawr? Juybu (S?o Luiz do Tapaj?s),,,57801,,Munduruk?,Itaituba e Trair?o,PA,0,Em Estudo,,,,,,,,
5782,Sawr? Muybu (Pimental),,,56701,,Munduruk?,"Itaituba, Trair?o ",PA,0,Em Estudo,,,,,,,,
5783,S?gu,,,68501,,Kaingang,Novo Xingu,RS,0,Em Estudo,,,,,,,,
5558,Sepoti,,559,42301,413,Tenharin,"Humait?, Manicor?",AM,"251,349",Regularizada,Madeira,,8/25/1999,4/17/2000,10/27/2004,1/17/2007,6/17/2009,
5559,Serra da Mo?a,,560,42401,414,Wapixana,"Alto Alegre, Boa Vista",RR,"11,627",Regularizada,Boa Vista,,,,10/29/1991,1/10/1986,12/6/1996,
5560,Serra do Itatins,,561,42501,415,Guarani,Itariri,SP,"1,212",Regularizada,Litoral Sudeste,,,,7/14/1987,9/8/1987,9/9/1998,
5561,Serra Morena,,562,42601,416,Cinta Larga,Ju?na,MT,"147,836",Regularizada,Juina,,,,1/15/1990,3/8/1990,3/11/1990,
5562,Serrinha,,563,42701,417,Kaingang,"Constantina, Engenho Velho, Ronda Alta, Tr?s Palmeiras",RS,"11,752",Declarada,Passo Fundo,,,,,,,
5563,Seruini/Mariene,,564,42801,418,Apurin?,"L?brea, Pauini",AM,"144,971",Regularizada,Rio Branco,,10/28/1993,12/10/1998,9/12/2000,12/1/2000,11/23/2004,
5564,Sete Cerros,,565,42901,419,"Guarani Kaiow?, Guarani Nhand?va",Paranhos,MS,"8,585",Homologada,Ponta Por?,,,11/25/1991,10/1/1993,,,
5565,Sete de Setembro,,566,43001,420,Suru?,"Cacoal, Espig?o d'Oeste, Rondol?ndia","MT, RO","248,147",Regularizada,Cacoal,,,,10/17/1983,6/2/1999,9/16/1999,
5566,Setem?,,567,43101,421,Mura,"Borba, Novo Aripuan?",AM,"49,430",Declarada,Manaus,,5/8/2008,5/5/2009,,,,
5567,Sissa?ma,,568,69001,565,Mura,Autazes,AM,0,Em estudo,Manaus,,,,,,,
5568,Sombrerito,,569,55001,520,Guarani Nhand?va,Sete Quedas,MS,"12,608",Declarada,Ponta Por?,,7/4/2006,9/27/2010,,,,
5569,Soror?,,570,43201,422,Aikewar,"Marab?, S?o Domingos do Araguaia, S?o Geraldo do Araguaia",PA,"26,257",Regularizada,Maraba,,,,8/31/1983,10/21/1983,3/7/1989,
5570,Soror? - Gleba Tuapekuakau,,571,,,"Aikewar, Suru?","Marab?, S?o Domingos do Araguaia, S?o Geraldo do Araguaia",PA,0,Em estudo,Maraba,,,,,,,
5571,Sucuba,,572,43301,423,Makuxi,Alto Alegre,RR,"5,983",Regularizada,Boa Vista,,,,2/16/1982,11/22/1988,9/4/2000,
5572,Sucuriy,,573,43401,424,Guarani Kaiow?,Maracaju,MS,535,Regularizada,Ponta Por?,,,5/17/1996,4/14/1998,9/8/1998,12/9/2003,
5573,Sururu?,,574,53901,516,Kokama,"Benjamin Constant, S?o Paulo de Oliven?a",AM,"36,125",Declarada,Alto Solim?es,,5/15/2008,9/27/2010,,,,
5784,Taba dos Anac?,,,73714,,Anac?,"Caucaia, S?o Gon?alo do Amarante                                ",CE,543,Encaminhada RI,,,,,,,,
5785,Tabajara,,,73741,,Tabajara,"Alhandra, Conde, Pitimbu",PB,0,Em Estudo,,,,,,,,
5574,Tabalascada,,575,43501,425,Wapixana,Cant?,RR,"13,015",Regularizada,Boa Vista,,5/23/2001,12/30/2002,4/19/2005,6/2/2005,5/25/2006,
5575,Tabocal,,576,43601,426,Mura,Careiro,AM,906,Declarada,Manaus,,11/26/1999,12/15/2006,,,,
5576,Tadarimana,,577,43701,427,Bororo,Rondon?polis,MT,"9,785",Regularizada,Cuiaba,,,,10/29/1991,12/6/1991,5/18/1987,
5786,Taego ?wa,,,73301,579,Ava-Canoeiro,Formoso do Araguaia                     ,TO,29000,Delimitada,,,,,,,,
5577,Taihantesu,,578,43801,428,Wasusu,Nova Lacerda,MT,"5,362",Regularizada,Cuiaba,,,11/16/1992,5/23/1996,2/13/1997,10/30/1997,
5578,Takuaraty/Yvykuarusu,,579,43901,429,Guarani Kaiow?,Paranhos,MS,"2,609",Homologada,Ponta Por?,,,6/19/1992,10/1/1993,,,
5787,Takuari,,,73720,1,Guarani,Eldorado,SP,2190,Regularizada,,,,,,,,
5579,Tanaru ( Interdi??o ),,580,66301,560,Isolados,"Chupinguaia, Corumbiara, Parecis, Pimenteiras do Oeste",RO,0,Em estudo,Ji-Parana,,,,,,,
5580,Tapeba,,581,54601,519,Tapeba,Caucaia,CE,"4,767",Delimitada,Fortaleza,,4/19/2006,,,,,
5581,Tapirap?/Karaj?,1,582,44001,430,"Karaj?, Tapirap?","Luciara, Santa Terezinha",MT,"66,166",Regularizada,Palmas,,,,3/23/1983,7/16/1984,6/24/2005,
5788,Tapirap?/Karaj?,1,,44002,,"Tapirap?, Karaja","Luci?ra, Santa Terezinha",MT,0,Em Estudo,,,,,,,,
5789,Tapy'i/Rio Branquinho,,,71301,,Guarani Mbya,Canan?ia                                ,SP,0,Em Estudo,,,,,,,,
5582,Taquaperi,,583,44101,431,Guarani Kaiow?,Coronel Sapucaia,MS,"1,777",Regularizada,Ponta Por?,,,,,,,
5583,Taquara,,584,44201,432,Guarani Kaiow?,Juti,MS,"9,700",Declarada,dourados,,12/2/2005,6/4/2010,,,,
5584,Tarum?,,585,59101,537,Guarani Mby?,"Araquari, Balne?rio Barra do Sul",SC,"2,172",Delimitada,Litoral Sul,,5/8/2008,,,,,
5585,Taunay-Ipegue,1,586,44401,434,Terena,Aquidauana,MS,"6,461",Regularizada,Campo Grande,,,,10/29/1991,1/21/1992,1/5/1994,
5790,Taunay/Ipegue,1,,44402,,Terena,Aquidauana                              ,MS,33900,Delimitada,,,,,,,,
5586,Tekoa Amba Por?,,587,,,Guarani Mbya,Miracatu e Sete Barras,SP,0,Em estudo,Litoral Sudeste,,,,,,,
5587,Tekoa Guaviraty,,588,71401,,Guarani Mbya,Iguape e Pariquera-A?u,SP,0,Em estudo,Litoral Sudeste,,,,,,,
5588,Tekoa Itapu?,,589,,,Guarani,Iguape e Pariquera-A?u,SP,0,Em estudo,Litoral Sudeste,,,,,,,
5589,Tekoa Jaikoaty,,590,,,Guarani Nhandeva,Miracatu e Sete Barras,SP,0,Em estudo,Litoral Sudeste,,,,,,,
5590,Tekoa Jejyty,,591,,,Guarani,Iguape e Pariquera-A?u,SP,0,Em estudo,Litoral Sudeste,,,,,,,
5591,Tekoa Peguaoty,,592,,,Guarani Mbya,Miracatu e Sete Barras,SP,0,Em estudo,Litoral Sudeste,,,,,,,
5592,Tekoa Pindoty,,593,71201,,Guarani Mbya,Iguape e Pariquera-A?u,SP,0,Em estudo,Litoral Sudeste,,,,,,,
5593,Tekoa Uruity,,594,,,Guarani Mbya,Miracatu e Sete Barras,SP,0,Em estudo,Litoral Sudeste,,,,,,,
5594,Tekoh? A?etete,,595,44501,436,Guarani,Diamante d'Oeste,PR,"1,775",Homologada,Chapeco,,,,6/27/2000,2/27/2007,,
5791,Tekoha Guass? Guavir?,,,70101,,Guarani Nhandeva,Guaira,PR,0,Em Estudo,,,,,,,,
5595,Tekoha Itamar?,,596,65601,555,Guarani Nhandeva e Guarani Mby'a,Diamante d'Oeste,PR,242,Encaminhada RI,Chapeco,,,,,,,
5792,Tekoha Jevy,,,66101,,Guaran?,Parati                                  ,RJ,0,Em Estudo,,,,,,,,
5596,Tekoha Marangatu,,597,,,Guarani Nhand?va,Gua?ra,PR,0,Em estudo,Chapeco,,,,,,,
5597,Tekoha Por?,,598,68201,,Guarani Kaiow? e Nhandeva,Guaira,PR,0,Em estudo,Chapeco,,,,,,,
5598,Temb?,,599,44601,437,Temb?,Tom?-A?u,PA,"1,075",Regularizada,Belem,,,,12/24/1991,1/29/1992,6/15/1994,
5599,Tenharim do Igarap? Preto,,600,44701,438,Tenharin,Novo Aripuan?,AM,"87,413",Regularizada,Madeira,,4/14/1999,10/8/1999,4/19/2004,9/30/2004,7/17/2006,
5600,Tenharim Marmelos,,601,44801,439,Tenharin,"Humait?, Manicor?",AM,"497,522",Regularizada,Madeira,,,,1/5/1996,2/13/1996,10/2/2007,
5601,Tenharim Marmelos (Gleba B),,602,62901,547,Tenharin,"Humait?, Manicor?",AM,"474,742",Declarada,Madeira,,8/11/2004,12/15/2006,,,,
5793,Tenonde Por?,,,23602,232,Guarani,"Mongagu?, S?o Bernardo do Campo, S?o Paulo, S?o Vicente",SP,15969,Delimitada,,,,,,,,
5602,Terena Gleba Iriri,,603,44901,440,Terena,Matup?,MT,"30,589",Regularizada,colider,,,,,,10/18/2005,
5603,Tereza Cristina,1,604,45001,441,Bororo,Santo Ant?nio do Leverger,MT,"30,060",Regularizada,Cuiaba,,,5/17/1996,,,,
5794,Tereza Cristina,1,,45002,,Bor?ro ,Santo Antonio do Leverger,MT,0,Em Estudo,,,,,,,,
5234,Terra Vermelha,,235,,,Apurin?,"Anori, Beruri, Tapau?",AM,"182,135",Regularizada,Manaus,,8/22/2003,9/21/2004,4/19/2007,3/19/2009,,
5604,Tibagy/Mococa,,605,45201,443,Kaingang,Ortigueira,PR,860,Regularizada,Chapeco,,,,5/23/1996,6/19/1996,7/31/1996,
5605,Tik?na de Feijoal,,606,45301,444,"Kokama, Tikuna","Benjamin Constant, S?o Paulo de Oliven?a",AM,"40,949",Regularizada,Alto Solim?es,,,,1/5/1996,11/6/1995,11/25/2004,
5606,Tikuna de Santo Antonio,,607,46801,460,Tikuna,Benjamin Constant,AM,"1,065",Regularizada,Alto Solim?es,,,,10/29/1991,6/13/1994,9/24/2002,
5607,Tingui Bot?,,608,45402,445,Tingui Bot?,"Campo Grande, Feira Grande",AL,535,Encaminhada RI,Maceio,,,,,,,
5608,Tirecatinga,,609,45501,446,Halotesu,Sapezal,MT,"130,575",Regularizada,Cuiaba,,,,10/29/1991,2/22/1985,10/22/1987,
5609,Toldo Chimbangue,,610,45601,447,Kaingang,Chapec?,SC,989,Regularizada,Chapeco,,,,10/29/1991,10/15/1993,8/30/1994,
5610,Toldo Chimbangue II,,611,45701,448,Kaingang,Chapec?,SC,954,Homologada,Chapeco,,1/17/2002,11/18/2002,12/21/2006,,,
5611,Toldo Imbu,,612,45801,449,Kaingang,Abelardo Luz,SC,"1,965",Declarada,Chapeco,,5/29/2002,4/19/2007,,,,
5612,Toldo Pinhal,,613,35502,345,Kaingang,Seara,SC,880,Regularizada,Chapeco,,,10/19/1994,4/14/1998,6/26/2000,10/17/2002,
5613,Tor?,,614,45901,450,"Apurin?, Tor?","Humait?, Manicor?",AM,"54,961",Regularizada,Madeira,,8/25/1999,4/17/2000,10/27/2004,1/17/2007,,
5795,Trememb? da Barra do Munda?,,,70601,569,Trememb?,Itapipoca                               ,CE,3580,Declarada,,,,,,,,
5614,Trememb? de Almofala,,615,46001,,Trememb?,Itarema,CE,0,Em estudo,Fortaleza,,,,,,,
5615,Trememb? de Queimadas,,616,64601,550,Trememb?,Acara?,CE,0,Em estudo,Fortaleza,,,,,,,
5616,Trememb? de S?o Jos? e Buriti,,617,,,Trememb?,Itapipoca,CE,0,Em estudo,Fortaleza,,,,,,,
5617,Trincheira,,618,46101,451,Mura,Autazes,AM,"1,625",Regularizada,Manaus,,,,12/26/1991,12/14/1987,1/15/1998,
5618,Trincheira Bacaja,,619,46201,452,"Apiterewa, Arawet?, Asurin?, Xikrin","Altamira, Anapu, S?o F?lix do Xingu, Senador Jos? Porf?rio",PA,"1,650,939",Regularizada,Belem,,,8/18/1993,10/2/1996,5/4/1998,9/1/1998,
5619,Trocar?,,620,46301,453,Asurin?,"Bai?o, Tucuru?",PA,"21,722",Regularizada,Maraba,,,,11/22/1982,3/24/1986,12/12/1983,
5796,Trocar? - Doa??o,,,46302,454,Asurini do Tocantins,Tucuru?                                 ,PA,14.048,Regularizada,,,,,,,,
5620,Trombetas/Mapuera,,621,46401,455,"Hixkaryana, Isolados, Karafawyana, Katuena, Mawayana, Pianokot?, Sikiana, Tunayana, Waimiri Atroari, Waiw?i, Xereu","Caroebe, Faro, Nhamund?, Oriximin?, S?o Jo?o da Baliza, Urucar?","AM, PA, RR","3,970,898",Regularizada,Manaus,,10/28/2004,9/16/2005,12/21/2009,7/13/2010,,
5621,Truaru,,622,46501,456,"Makuxi, Wapixana","Alto Alegre, Boa Vista",RR,"5,653",Regularizada,Boa Vista,,,,12/24/1991,3/24/1992,5/30/1997,
5622,Truk?,1,623,46601,457,Truk?,Cabrob?,PE,"1,593",Regularizada,Paulo Afonso,,,8/17/1993,1/5/1996,1/16/1996,5/20/1996,
5797,Truk?,1,,46602,458,Truk?,Cabrob?                                 ,PE,5769,Declarada,,,,,,,,
5623,Tubar?o Latunde,,624,46701,459,"Aikan?, Laiana",Chupinguaia,RO,"116,613",Regularizada,Cuiaba,,,,10/29/1991,12/2/1991,11/21/1995,
5624,Tukuna Porto Espiritual,,625,46901,461,Tikuna,Benjamin Constant,AM,"2,839",Regularizada,Alto Solim?es,,,11/25/1991,1/5/1996,1/29/1996,4/22/1996,
5625,Tukuna Umaria?u,,626,47001,462,Tikuna,Tabatinga,AM,"4,855",Regularizada,Alto Solim?es,,,11/12/1997,12/11/1998,11/20/2000,2/9/2001,
5626,Tumbalal?,,627,59201,538,Tucumanduba,"Abar?, Cura??",BA,"44,978",Delimitada,Paulo Afonso,,6/1/2009,,,,,
5627,Tumi?,,628,47101,463,Apurin?,L?brea,AM,"124,357",Regularizada,Purus,,,11/25/1991,11/3/1997,12/9/1997,4/9/1999,
5628,Tunayana,,629,,,Tunayana,Oriximin?,PA,0,Em estudo,Manaus,,,,,,,
5629,Tup?-Sup?,,630,47201,464,Tikuna,"Alvar?es, Uarini",AM,"8,590",Regularizada,Alto Solim?es,,1/24/2001,11/6/2001,4/19/2004,5/14/2004,9/12/2006,
5630,Tupinamb? de Belmonte,,631,68901,564,Tupinamb?,Belmonte,BA,0,Em estudo,Sul da Bahia,,,,,,,
5631,Tupinamb? de Oliven?a,,632,55501,523,Tupinamb?,"Buerarema, Ilh?us, Una",BA,"47,376",Delimitada,Sul da Bahia,,4/17/2009,,,,,
5798,Tupiniquim,,,8003,81,Tupiniquim,Aracruz,ES,142.827.968,Regularizada,,,,,,,,
5632,Tur?/Mariquita,,633,47301,465,Temb?,Tom?-A?u,PA,147,Regularizada,Belem,,,,10/29/1991,12/16/1991,6/22/1994,
5633,Tur?/Mariquita II,,634,47401,466,Temb?,Tom?-A?u,PA,588,Encaminhada RI,Belem,,,,,,,
5799,Tuwa Apekuokawera,,,63901,548,Suru? de Rond?nia,"Marab?, S?o Geraldo do Araguaia                 ",PA,11764,Delimitada,,,,,,,,
5634,Tux?,,635,47501,467,Tux?,Rodelas,BA,0,Em estudo,Paulo Afonso,,,,,,,
5635,Tux? de Inaj?,,636,12601,123,Tux?,Inaj?,PE,140,Encaminhada RI,Maceio,,,,,,,
5636,Ua?a,1,637,47601,468,Karipuna,Oiapoque,AP,"470,164",Regularizada,Macapa,,,,10/29/1991,3/6/1992,3/17/1995,
5800,Ua?a,1,,47602,,Karipuna,Oiapoque                                ,AP,0,Em Estudo,,,,,,,,
5637,Uati-Paran?,,638,47701,469,Tikuna,"Fonte Boa, Japur?, Tonantins",AM,"127,199",Regularizada,Alto Solim?es,,,,10/29/1991,5/3/1993,11/22/1995,
5638,Ubawawe,,639,47801,586,Xavante,Novo S?o Joaquim,MT,"52,234",Regularizada,Barra do Gar?as,,,6/25/1998,8/30/2000,9/21/2000,3/8/2001,
5639,Uirapuru,,640,47901,470,Paresi,"Campos de J?lio, Nova Lacerda",MT,"21,680",Declarada,Cuiaba,,3/21/2007,3/20/2009,,,,
5640,Umutina,,641,48001,471,Barbados,Barra do Bugres,MT,"28,120",Regularizada,Cuiaba,,,,9/14/1989,2/26/1992,1/30/1995,
5641,Uneiuxi,1,642,48101,472,"Mak?, Tukano",Santa Isabel do Rio Negro,AM,"403,183",Regularizada,Rio Negro,,,7/30/1993,12/11/1998,1/3/2001,6/25/2001,
5801,Uneiuxi,1,,48102,473,"Mak?, Tukano","Japur?, Santa Isabel do Rio Negro            ",AM,5.547.304.117,Declarada,,,,,,,,
5645,Uru-Eu-Wau-Wau,,646,48201,474,Uru-pa-in,"Alvorada d'Oeste, Cacaul?ndia, Campo Novo de Rond?nia, Costa Marques, Governador Jorge Teixeira, Guajar?-Mirim, Jaru, Mirante da Serra, Monte Negro, Nova Mamor?, S?o Miguel do Guapor?, Seringueiras",RO,"1,867,118",Regularizada,Ji-Parana,,,,10/29/1991,3/20/1987,9/14/1988,
5642,Urubu Branco,,643,48301,475,Tapirap?,"Confresa, Luciara, Porto Alegre do Norte, Santa Terezinha",MT,"167,533",Regularizada,Palmas,,,10/2/1996,9/8/1998,6/24/1999,11/22/1999,
5643,Urucu/Juru?,,644,48401,476,Guajajara,Itaipava do Graja?,MA,"12,697",Regularizada,Imperatriz,,,,12/26/1991,2/17/1992,12/19/1996,
5644,Urucuty,,645,,,Guarani Kaiow?,Amambai,MS,0,Em estudo,Ponta Por?,,,,,,,
5646,Utaria Wyhyna/Ir?du Ir?na,,647,62401,545,"Java?, Karaj?",Pium,TO,"177,466",Declarada,Palmas,,2/27/2009,11/3/2010,,,,
5647,Utiariti,,648,48501,477,Paresi,"Campo Novo do Parecis, Sapezal",MT,"412,304",Regularizada,Cuiaba,,,,10/29/1991,2/22/1985,10/22/1987,
5648,Vale do Guapor?,,649,48601,478,Nambikwara,"Comodoro, Nova Lacerda",MT,"242,593",Regularizada,Cuiaba,,,,4/29/1985,6/7/1988,10/28/1987,
5649,Vale do Javari,,650,48701,479,"Kanamari, Kulina, Mat?s, Mayoruna","Atalaia do Norte, Benjamin Constant, Juta?, S?o Paulo de Oliven?a",AM,"8,544,482",Regularizada,Vale do Jurua,,5/29/1998,12/11/1998,4/30/2001,6/10/2002,7/31/2002,
5650,Valparaiso,,651,,,Apurin?,Boca do Acre,AM,0,Em estudo,Rio Branco,,,,,,,
5651,Vanuire,,652,48801,480,Kaingang,"Arco-?ris, Tup?",SP,709,Regularizada,Litoral Sudeste,,,,10/29/1991,10/5/2000,11/19/2004,
5652,Vargem Alegre,,653,48901,481,Pankararu,Serra do Ramalho,BA,981,Homologada,Paulo Afonso,,,,10/29/1991,12/11/1991,,
5653,Varzinha,,654,49001,482,Guarani Mby?,"Cara?, Maquin?",RS,776,Regularizada,Litoral Sul,,,4/23/2001,2/10/2003,7/3/2003,9/16/2003,
5654,Ventarra,,655,49101,483,Kaingang,Erebango,RS,773,Homologada,Passo Fundo,,,5/17/1996,4/14/1998,,,
5655,Vila Real,,656,56901,,Guajajara,Barra do Corda,MA,0,Em estudo,Imperatriz,,,,,,,
5656,Vista Alegre,,657,54101,518,Mura,Manaquiri,AM,0,Em estudo,Manaus,,,,,,,
5802,Vitoi Ku?,,,73728,,Guaran?,Japor? e Mundo Novo,MS,0,Em Estudo,,,,,,,,
5657,Votouro,,658,49201,484,Kaingang,"Benjamin Constant do Sul, Faxinalzinho",RS,"3,341",Regularizada,Passo Fundo,,,,8/30/2000,11/7/2000,6/4/2002,
5658,Votouro/Kandoia,,659,54001,517,Kaingang,"Benjamin Constant do Sul, Faxinalzinho",RS,"5,977",Delimitada,Passo Fundo,,12/7/2009,,,,,
5659,Vui-Uata-In,,660,49301,485,Tikuna,Amatur?,AM,"121,199",Regularizada,Alto Solim?es,,,5/28/1992,7/3/1995,5/2/1996,1/21/1998,
5660,Wahuri,,661,,,Java?,Sandolandia,TO,0,Em estudo,Palmas,,,,,,,
5661,Wai?pi,,662,49401,486,Waripi,"Laranjal do Jari, Pedra Branca do Amapari",AP,"607,017",Regularizada,Macapa,,,10/23/1991,5/23/1996,3/31/1997,4/25/1997,
5662,Waimiri-Atroari,1,663,49501,487,"Atroari, Waimiri","Novo Air?o, Presidente Figueiredo, Rorain?polis, S?o Jo?o da Baliza, Urucar?","AM, RR","2,585,912",Regularizada,Manaus,,,,6/16/1989,2/18/1999,10/1/1999,
5803,Waimiri-Atroari,1,,73724,,Waimiri Atroari,"Rorain?polis, Novo Air?o, Presidente Figueiredo",AM/RR,0,Em Estudo,,,,,,,,
5663,WaiW?i,,664,49601,488,Mawayana,"Caracara?, Caroebe, S?o Jo?o da Baliza",RR,"405,698",Regularizada,Manaus,,4/23/1999,4/20/2001,6/23/2003,9/5/2003,,
5664,Wassu-Cocal,,665,49701,583,Wassu,"Col?nia Leopoldina, Joaquim Gomes, Matriz de Camaragibe, Novo Lino",AL,"2,758",Regularizada,Maceio,,,,12/24/1991,8/21/2007,6/8/1988,
5665,Wawi,1,666,49801,489,Suy?,Quer?ncia,MT,"150,329",Regularizada,Xingu,,,10/1/1997,9/8/1998,12/9/1998,3/22/1999,
5804,Wawi,1,,49802,,Kis?dje,Quer?ncia                               ,MT,0,Em Estudo,,,,,,,,
5805,Wedez?,,,73601,580,Xavante,Cocalinho                               ,MT,145881,Delimitada,,,,,,,,
5666,Xacriab?,1,667,49901,490,Xakriab?,"Itacarambi, S?o Jo?o das Miss?es",MG,"46,416",Regularizada,Governador Valadares,,,,7/14/1987,2/18/1988,5/21/1996,
5806,Xacriab? ,1,,49902,,Xakriab?,"Conego Marinho, S?o Jo?o das Miss?es, Itacarambi                    ",MG,43357,Delimitada,,,,,,,,
5667,Xakriab? Rancharia,,668,50001,491,Xakriab?,"Itacarambi, S?o Jo?o das Miss?es",MG,"6,798",Regularizada,Governador Valadares,,,4/13/2000,5/5/2003,5/18/2004,2/18/2005,
5668,Xambio?,,669,50101,492,"Guarani, Karaj?",Santa F? do Araguaia,TO,"3,326",Regularizada,Palmas,,,,11/3/1997,3/10/1998,5/5/1998,
5669,Xapec?,,670,50201,493,"Guarani, Kaingang","Abelardo Luz, Entre Rios, Ipua?u",SC,"15,624",Homologada,Chapeco,,,,10/29/1991,10/16/1965,,
5670,Xapec? (Pinhalzinho-Canhad?o),,671,64901,552,Guarani e Kaingang,"Abelardo Luz, Ipua?u",SC,660,Declarada,Chapeco,,9/5/2003,4/19/2007,,,,
5671,Xerente,,672,50301,494,Xerente,Tocant?nia,TO,"167,542",Regularizada,Palmas,,,,6/16/1989,9/26/1985,10/15/1987,
5672,Xet?,,673,,,Xet?,"Ivat?, Umuarama",PR,0,Em estudo,Chapeco,,,,,,,
5673,Xikrin do Rio Catete,,674,50501,495,Xikrin,"?gua Azul do Norte, Marab?, Parauapebas",PA,"439,151",Regularizada,Maraba,,,,12/24/1991,8/17/1992,6/21/1994,
5674,Xipaya,,675,50601,496,"Kuru?ya, Xipaya",Altamira,PA,"178,723",Declarada,Belem,,4/7/2003,12/15/2006,,,,
5675,Xukuru,,676,50801,498,Xukuru,Pesqueira,PE,"27,555",Regularizada,Maceio,,,5/28/1992,4/30/2001,11/18/2005,,
5676,Xukuru de Cimbres,,677,70201,568,Xukuru,"Alagoinha, Pedra, Pesqueira, Venturosa",PE,"1,166",Encaminhada RI,Maceio,,,,,,,
5677,Xukuru-Kariri,,678,50701,497,Xukuru Kariri,Palmeira dos ?ndios,AL,"7,073",Declarada,Maceio,,10/17/2008,12/14/2010,,,,
5678,Yanomami,,679,50901,499,Yanomami,"Alto Alegre, Barcelos, Boa Vista, Caracara?, Mucaja?, Santa Isabel do Rio Negro, S?o Gabriel da Cachoeira","AM, RR","9,664,975",Regularizada,Boa Vista / Rio Negro,,,11/15/1991,5/25/1992,10/1/1993,,
5807,Ygua Por?,,,73713,,Guaran?,Bigua?u                                 ,SC,0,Em Estudo,,,,,,,,
5808,Ypoi / Triunfo,,,73722,,?handeva,Paranhos,MS,0,Em Estudo,,,,,,,,
5809,Yvy-Katu,,,36702,359,?handeva,Japor?,MS,94.941.636,Declarada,,,,,,,,
5679,Yvypor? Laranjinha,,680,64001,549,Guarani Nhand?va,"Abati?, Corn?lio Proc?pio, Ribeir?o do Pinhal",PR,"1,238",Declarada,Chapeco,,4/12/2006,4/19/2007,,,,
5680,Zo'e,,681,51001,500,Zo'?,?bidos,PA,"668,566",Regularizada,Belem,,12/3/1999,4/20/2001,12/21/2009,2/19/2010,,
5681,Zor?,,682,51101,501,Zor?,Aripuan?,MT,"355,790",Regularizada,Ji-Parana,,,,10/29/1991,11/5/1987,11/6/1987,
5682,Zuruah?,,683,51201,502,Zuruah?,Tapau?,AM,"239,070",Regularizada,Purus,,,,10/29/1991,6/13/1990,4/12/1996,
